External id,cat,ph,pid,correlation,tid,cbid,name,ts,dur
5,cuda_runtime,X,2151687,6,2151687,317,cudaStreamIsCapturing,6783222067590.925,26.159
5,cuda_runtime,X,2151687,7,2151687,20,cudaMalloc,6783222067617.936,767.396
5,cuda_runtime,X,2151687,12,2151687,135,cudaEventRecord,6783222068445.834,101.648
5,cuda_runtime,X,2151687,13,2151687,317,cudaStreamIsCapturing,6783222068548.813,1.186
5,cuda_runtime,X,2151687,14,2151687,203,cudaStreamGetPriority,6783222068550.619,1.701
5,cuda_runtime,X,2151687,15,2151687,205,cudaDeviceGetStreamPriorityRange,6783222068553.309,5.224
5,cuda_runtime,X,2151687,19,2151687,211,cudaLaunchKernel,6783222068618.225,122.176
5,cuda_runtime,X,2151687,20,2151687,11,cudaPeekAtLastError,6783222068741.362,0.743
5,cuda_runtime,X,2151687,21,2151687,51,cudaMemsetAsync,6783222068750.522,0.533
5,cuda_runtime,X,2151687,22,2151687,211,cudaLaunchKernel,6783222068751.949,14.0
5,cuda_runtime,X,2151687,23,2151687,11,cudaPeekAtLastError,6783222068766.546,0.17
6,cuda_runtime,X,2151687,30,2151687,211,cudaLaunchKernel,6783222069055.679,14.225
11,cuda_runtime,X,2151687,40,2151687,317,cudaStreamIsCapturing,6783222069245.609,1.775
11,cuda_runtime,X,2151687,41,2151687,20,cudaMalloc,6783222069248.028,246.366
9,cuda_runtime,X,2151687,48,2151687,135,cudaEventRecord,6783222069537.397,5.186
9,cuda_runtime,X,2151687,49,2151687,317,cudaStreamIsCapturing,6783222069545.505,0.681
9,cuda_runtime,X,2151687,50,2151687,203,cudaStreamGetPriority,6783222069548.976,2.534
9,cuda_runtime,X,2151687,51,2151687,205,cudaDeviceGetStreamPriorityRange,6783222069552.219,0.871
9,cuda_runtime,X,2151687,75,2151687,135,cudaEventRecord,6783222069767.79,2.815
9,cuda_runtime,X,2151687,76,2151687,317,cudaStreamIsCapturing,6783222069771.96,0.566
9,cuda_runtime,X,2151687,77,2151687,203,cudaStreamGetPriority,6783222069773.495,0.588
9,cuda_runtime,X,2151687,78,2151687,205,cudaDeviceGetStreamPriorityRange,6783222069776.14,0.403
9,cuda_runtime,X,2151687,86,2151687,211,cudaLaunchKernel,6783222069820.525,29.395
18,cuda_runtime,X,2151687,93,2151687,211,cudaLaunchKernel,6783222069980.033,13.315
20,cuda_runtime,X,2151687,108,2151687,317,cudaStreamIsCapturing,6783222070117.425,1.425
20,cuda_runtime,X,2151687,109,2151687,20,cudaMalloc,6783222070119.242,140.631
20,cuda_runtime,X,2151687,114,2151687,211,cudaLaunchKernel,6783222070275.002,15.619
24,cuda_runtime,X,2151687,125,2151687,135,cudaEventRecord,6783222070440.292,3.032
24,cuda_runtime,X,2151687,126,2151687,317,cudaStreamIsCapturing,6783222070443.786,0.785
24,cuda_runtime,X,2151687,127,2151687,203,cudaStreamGetPriority,6783222070445.029,0.8
24,cuda_runtime,X,2151687,128,2151687,205,cudaDeviceGetStreamPriorityRange,6783222070446.177,0.65
24,cuda_runtime,X,2151687,132,2151687,211,cudaLaunchKernel,6783222070473.61,13.627
24,cuda_runtime,X,2151687,134,2151687,211,cudaLaunchKernel,6783222070490.931,4.96
24,cuda_runtime,X,2151687,136,2151687,11,cudaPeekAtLastError,6783222070502.89,0.261
24,cuda_runtime,X,2151687,137,2151687,273,cudaFuncSetAttribute,6783222070514.572,3.261
24,cuda_runtime,X,2151687,138,2151687,273,cudaFuncSetAttribute,6783222070518.094,0.596
24,cuda_runtime,X,2151687,139,2151687,430,cudaLaunchKernelExC,6783222070519.36,8.155
24,cuda_runtime,X,2151687,141,2151687,11,cudaPeekAtLastError,6783222070529.194,0.111
25,cuda_runtime,X,2151687,148,2151687,211,cudaLaunchKernel,6783222070606.24,9.905
28,cuda_runtime,X,2151687,162,2151687,135,cudaEventRecord,6783222070692.591,2.269
28,cuda_runtime,X,2151687,163,2151687,317,cudaStreamIsCapturing,6783222070695.212,0.666
28,cuda_runtime,X,2151687,164,2151687,203,cudaStreamGetPriority,6783222070696.247,0.708
28,cuda_runtime,X,2151687,165,2151687,205,cudaDeviceGetStreamPriorityRange,6783222070697.259,0.656
28,cuda_runtime,X,2151687,189,2151687,135,cudaEventRecord,6783222070736.728,1.055
28,cuda_runtime,X,2151687,190,2151687,317,cudaStreamIsCapturing,6783222070738.004,0.373
28,cuda_runtime,X,2151687,191,2151687,203,cudaStreamGetPriority,6783222070738.569,0.419
28,cuda_runtime,X,2151687,192,2151687,205,cudaDeviceGetStreamPriorityRange,6783222070739.212,0.347
28,cuda_runtime,X,2151687,200,2151687,211,cudaLaunchKernel,6783222070752.224,10.499
37,cuda_runtime,X,2151687,207,2151687,211,cudaLaunchKernel,6783222070814.042,10.851
41,cuda_runtime,X,2151687,220,2151687,135,cudaEventRecord,6783222070903.734,1.838
41,cuda_runtime,X,2151687,221,2151687,317,cudaStreamIsCapturing,6783222070906.224,0.564
41,cuda_runtime,X,2151687,222,2151687,203,cudaStreamGetPriority,6783222070907.119,0.524
41,cuda_runtime,X,2151687,223,2151687,205,cudaDeviceGetStreamPriorityRange,6783222070907.942,0.45
41,cuda_runtime,X,2151687,229,2151687,317,cudaStreamIsCapturing,6783222070915.672,1.176
41,cuda_runtime,X,2151687,230,2151687,20,cudaMalloc,6783222070917.234,134.082
41,cuda_runtime,X,2151687,231,2151687,211,cudaLaunchKernel,6783222071071.017,14.322
41,cuda_runtime,X,2151687,233,2151687,211,cudaLaunchKernel,6783222071087.599,4.773
41,cuda_runtime,X,2151687,235,2151687,11,cudaPeekAtLastError,6783222071096.851,0.215
41,cuda_runtime,X,2151687,236,2151687,273,cudaFuncSetAttribute,6783222071102.623,1.559
41,cuda_runtime,X,2151687,237,2151687,273,cudaFuncSetAttribute,6783222071104.395,0.508
41,cuda_runtime,X,2151687,238,2151687,430,cudaLaunchKernelExC,6783222071105.293,6.518
41,cuda_runtime,X,2151687,240,2151687,11,cudaPeekAtLastError,6783222071112.989,0.141
42,cuda_runtime,X,2151687,247,2151687,211,cudaLaunchKernel,6783222071198.824,8.83
45,cuda_runtime,X,2151687,261,2151687,135,cudaEventRecord,6783222071284.774,2.263
45,cuda_runtime,X,2151687,262,2151687,317,cudaStreamIsCapturing,6783222071287.457,0.708
45,cuda_runtime,X,2151687,263,2151687,203,cudaStreamGetPriority,6783222071288.528,0.747
45,cuda_runtime,X,2151687,264,2151687,205,cudaDeviceGetStreamPriorityRange,6783222071289.689,0.595
45,cuda_runtime,X,2151687,288,2151687,135,cudaEventRecord,6783222071327.224,1.056
45,cuda_runtime,X,2151687,289,2151687,317,cudaStreamIsCapturing,6783222071328.501,0.446
45,cuda_runtime,X,2151687,290,2151687,203,cudaStreamGetPriority,6783222071329.138,0.385
45,cuda_runtime,X,2151687,291,2151687,205,cudaDeviceGetStreamPriorityRange,6783222071329.752,0.318
45,cuda_runtime,X,2151687,299,2151687,211,cudaLaunchKernel,6783222071342.249,9.057
53,cuda_runtime,X,2151687,305,2151687,211,cudaLaunchKernel,6783222071381.539,12.547
55,cuda_runtime,X,2151687,312,2151687,211,cudaLaunchKernel,6783222071434.607,8.788
59,cuda_runtime,X,2151687,325,2151687,135,cudaEventRecord,6783222071528.272,1.955
59,cuda_runtime,X,2151687,326,2151687,317,cudaStreamIsCapturing,6783222071530.692,0.571
59,cuda_runtime,X,2151687,327,2151687,203,cudaStreamGetPriority,6783222071531.583,0.595
59,cuda_runtime,X,2151687,328,2151687,205,cudaDeviceGetStreamPriorityRange,6783222071532.473,0.481
59,cuda_runtime,X,2151687,332,2151687,211,cudaLaunchKernel,6783222071547.701,9.321
59,cuda_runtime,X,2151687,334,2151687,211,cudaLaunchKernel,6783222071559.079,4.52
59,cuda_runtime,X,2151687,336,2151687,11,cudaPeekAtLastError,6783222071567.684,0.223
59,cuda_runtime,X,2151687,337,2151687,273,cudaFuncSetAttribute,6783222071572.712,1.323
59,cuda_runtime,X,2151687,338,2151687,273,cudaFuncSetAttribute,6783222071574.253,0.455
59,cuda_runtime,X,2151687,339,2151687,430,cudaLaunchKernelExC,6783222071575.066,7.321
59,cuda_runtime,X,2151687,341,2151687,11,cudaPeekAtLastError,6783222071583.537,0.113
60,cuda_runtime,X,2151687,348,2151687,211,cudaLaunchKernel,6783222071645.577,9.22
63,cuda_runtime,X,2151687,362,2151687,135,cudaEventRecord,6783222071733.084,1.941
63,cuda_runtime,X,2151687,363,2151687,317,cudaStreamIsCapturing,6783222071735.467,0.754
63,cuda_runtime,X,2151687,364,2151687,203,cudaStreamGetPriority,6783222071736.686,0.677
63,cuda_runtime,X,2151687,365,2151687,205,cudaDeviceGetStreamPriorityRange,6783222071737.724,0.517
63,cuda_runtime,X,2151687,389,2151687,135,cudaEventRecord,6783222071787.055,1.074
63,cuda_runtime,X,2151687,390,2151687,317,cudaStreamIsCapturing,6783222071788.509,0.472
63,cuda_runtime,X,2151687,391,2151687,203,cudaStreamGetPriority,6783222071789.279,0.433
63,cuda_runtime,X,2151687,392,2151687,205,cudaDeviceGetStreamPriorityRange,6783222071790.002,0.499
63,cuda_runtime,X,2151687,400,2151687,211,cudaLaunchKernel,6783222071804.56,10.178
72,cuda_runtime,X,2151687,407,2151687,211,cudaLaunchKernel,6783222071866.182,9.811
76,cuda_runtime,X,2151687,420,2151687,135,cudaEventRecord,6783222071995.155,2.102
76,cuda_runtime,X,2151687,421,2151687,317,cudaStreamIsCapturing,6783222071998.07,0.668
76,cuda_runtime,X,2151687,422,2151687,203,cudaStreamGetPriority,6783222071999.166,0.584
76,cuda_runtime,X,2151687,423,2151687,205,cudaDeviceGetStreamPriorityRange,6783222072000.174,0.506
76,cuda_runtime,X,2151687,427,2151687,211,cudaLaunchKernel,6783222072024.189,22.895
76,cuda_runtime,X,2151687,429,2151687,211,cudaLaunchKernel,6783222072049.403,5.434
76,cuda_runtime,X,2151687,431,2151687,11,cudaPeekAtLastError,6783222072059.325,0.262
76,cuda_runtime,X,2151687,432,2151687,273,cudaFuncSetAttribute,6783222072064.842,1.41
76,cuda_runtime,X,2151687,433,2151687,273,cudaFuncSetAttribute,6783222072066.598,0.521
76,cuda_runtime,X,2151687,434,2151687,430,cudaLaunchKernelExC,6783222072067.825,8.076
76,cuda_runtime,X,2151687,436,2151687,11,cudaPeekAtLastError,6783222072077.225,0.179
77,cuda_runtime,X,2151687,443,2151687,211,cudaLaunchKernel,6783222072202.41,9.545
80,cuda_runtime,X,2151687,457,2151687,135,cudaEventRecord,6783222072287.267,1.974
80,cuda_runtime,X,2151687,458,2151687,317,cudaStreamIsCapturing,6783222072289.651,0.706
80,cuda_runtime,X,2151687,459,2151687,203,cudaStreamGetPriority,6783222072290.667,0.603
80,cuda_runtime,X,2151687,460,2151687,205,cudaDeviceGetStreamPriorityRange,6783222072291.541,0.512
80,cuda_runtime,X,2151687,484,2151687,135,cudaEventRecord,6783222072353.223,1.225
80,cuda_runtime,X,2151687,485,2151687,317,cudaStreamIsCapturing,6783222072354.824,0.435
80,cuda_runtime,X,2151687,486,2151687,203,cudaStreamGetPriority,6783222072356.021,0.411
80,cuda_runtime,X,2151687,487,2151687,205,cudaDeviceGetStreamPriorityRange,6783222072356.823,0.321
80,cuda_runtime,X,2151687,495,2151687,211,cudaLaunchKernel,6783222072370.716,10.106
88,cuda_runtime,X,2151687,501,2151687,211,cudaLaunchKernel,6783222072409.813,8.941
90,cuda_runtime,X,2151687,508,2151687,211,cudaLaunchKernel,6783222072457.955,11.144
94,cuda_runtime,X,2151687,519,2151687,317,cudaStreamIsCapturing,6783222072640.679,1.405
94,cuda_runtime,X,2151687,520,2151687,20,cudaMalloc,6783222072642.763,212.755
94,cuda_runtime,X,2151687,525,2151687,135,cudaEventRecord,6783222072887.23,6.754
94,cuda_runtime,X,2151687,526,2151687,317,cudaStreamIsCapturing,6783222072894.539,0.611
94,cuda_runtime,X,2151687,527,2151687,203,cudaStreamGetPriority,6783222072896.474,1.756
94,cuda_runtime,X,2151687,528,2151687,205,cudaDeviceGetStreamPriorityRange,6783222072900.34,0.935
94,cuda_runtime,X,2151687,532,2151687,211,cudaLaunchKernel,6783222072925.635,36.614
94,cuda_runtime,X,2151687,534,2151687,211,cudaLaunchKernel,6783222072965.295,13.009
94,cuda_runtime,X,2151687,536,2151687,273,cudaFuncSetAttribute,6783222073003.372,2.699
94,cuda_runtime,X,2151687,537,2151687,11,cudaPeekAtLastError,6783222073008.591,0.181
94,cuda_runtime,X,2151687,538,2151687,211,cudaLaunchKernel,6783222073012.464,41.187
94,cuda_runtime,X,2151687,541,2151687,11,cudaPeekAtLastError,6783222073055.117,0.16
94,cuda_runtime,X,2151687,542,2151687,211,cudaLaunchKernel,6783222073060.792,8.741
95,cuda_runtime,X,2151687,550,2151687,211,cudaLaunchKernel,6783222073184.337,19.503
98,cuda_runtime,X,2151687,564,2151687,135,cudaEventRecord,6783222073325.54,3.629
98,cuda_runtime,X,2151687,565,2151687,317,cudaStreamIsCapturing,6783222073329.666,0.644
98,cuda_runtime,X,2151687,566,2151687,203,cudaStreamGetPriority,6783222073330.618,0.719
98,cuda_runtime,X,2151687,567,2151687,205,cudaDeviceGetStreamPriorityRange,6783222073331.828,0.545
98,cuda_runtime,X,2151687,591,2151687,135,cudaEventRecord,6783222073374.107,2.182
98,cuda_runtime,X,2151687,592,2151687,317,cudaStreamIsCapturing,6783222073376.509,0.433
98,cuda_runtime,X,2151687,593,2151687,203,cudaStreamGetPriority,6783222073377.181,0.401
98,cuda_runtime,X,2151687,594,2151687,205,cudaDeviceGetStreamPriorityRange,6783222073377.826,0.346
98,cuda_runtime,X,2151687,602,2151687,273,cudaFuncSetAttribute,6783222073397.458,2.696
98,cuda_runtime,X,2151687,603,2151687,211,cudaLaunchKernel,6783222073401.547,13.06
107,cuda_runtime,X,2151687,611,2151687,211,cudaLaunchKernel,6783222073462.331,14.807
111,cuda_runtime,X,2151687,624,2151687,135,cudaEventRecord,6783222073611.111,2.516
111,cuda_runtime,X,2151687,625,2151687,317,cudaStreamIsCapturing,6783222073614.36,0.559
111,cuda_runtime,X,2151687,626,2151687,203,cudaStreamGetPriority,6783222073615.501,2.443
111,cuda_runtime,X,2151687,627,2151687,205,cudaDeviceGetStreamPriorityRange,6783222073619.145,0.522
111,cuda_runtime,X,2151687,631,2151687,211,cudaLaunchKernel,6783222073644.35,13.461
111,cuda_runtime,X,2151687,633,2151687,211,cudaLaunchKernel,6783222073659.962,4.855
111,cuda_runtime,X,2151687,635,2151687,11,cudaPeekAtLastError,6783222073670.782,0.23
111,cuda_runtime,X,2151687,636,2151687,273,cudaFuncSetAttribute,6783222073676.928,2.383
111,cuda_runtime,X,2151687,637,2151687,273,cudaFuncSetAttribute,6783222073679.666,0.599
111,cuda_runtime,X,2151687,638,2151687,430,cudaLaunchKernelExC,6783222073680.911,8.763
111,cuda_runtime,X,2151687,640,2151687,11,cudaPeekAtLastError,6783222073691.203,0.358
112,cuda_runtime,X,2151687,647,2151687,211,cudaLaunchKernel,6783222073758.603,9.329
115,cuda_runtime,X,2151687,661,2151687,135,cudaEventRecord,6783222073837.074,2.083
115,cuda_runtime,X,2151687,662,2151687,317,cudaStreamIsCapturing,6783222073839.611,0.632
115,cuda_runtime,X,2151687,663,2151687,203,cudaStreamGetPriority,6783222073840.523,0.672
115,cuda_runtime,X,2151687,664,2151687,205,cudaDeviceGetStreamPriorityRange,6783222073841.57,0.549
115,cuda_runtime,X,2151687,688,2151687,135,cudaEventRecord,6783222073879.559,1.073
115,cuda_runtime,X,2151687,689,2151687,317,cudaStreamIsCapturing,6783222073880.866,0.453
115,cuda_runtime,X,2151687,690,2151687,203,cudaStreamGetPriority,6783222073881.512,0.42
115,cuda_runtime,X,2151687,691,2151687,205,cudaDeviceGetStreamPriorityRange,6783222073882.142,0.32
115,cuda_runtime,X,2151687,699,2151687,273,cudaFuncSetAttribute,6783222073896.973,1.772
115,cuda_runtime,X,2151687,700,2151687,211,cudaLaunchKernel,6783222073899.53,8.891
126,cuda_runtime,X,2151687,712,2151687,135,cudaEventRecord,6783222074004.387,2.0
126,cuda_runtime,X,2151687,713,2151687,317,cudaStreamIsCapturing,6783222074006.717,0.605
126,cuda_runtime,X,2151687,714,2151687,203,cudaStreamGetPriority,6783222074007.594,0.531
126,cuda_runtime,X,2151687,715,2151687,205,cudaDeviceGetStreamPriorityRange,6783222074008.669,0.481
126,cuda_runtime,X,2151687,719,2151687,211,cudaLaunchKernel,6783222074047.513,13.261
126,cuda_runtime,X,2151687,720,2151687,11,cudaPeekAtLastError,6783222074061.587,0.332
126,cuda_runtime,X,2151687,721,2151687,51,cudaMemsetAsync,6783222074067.742,0.696
126,cuda_runtime,X,2151687,722,2151687,211,cudaLaunchKernel,6783222074069.338,34.748
126,cuda_runtime,X,2151687,723,2151687,11,cudaPeekAtLastError,6783222074104.639,0.603
127,cuda_runtime,X,2151687,730,2151687,211,cudaLaunchKernel,6783222074166.248,9.444
130,cuda_runtime,X,2151687,744,2151687,135,cudaEventRecord,6783222074248.446,1.976
130,cuda_runtime,X,2151687,745,2151687,317,cudaStreamIsCapturing,6783222074250.864,0.6
130,cuda_runtime,X,2151687,746,2151687,203,cudaStreamGetPriority,6783222074251.767,0.528
130,cuda_runtime,X,2151687,747,2151687,205,cudaDeviceGetStreamPriorityRange,6783222074252.685,0.47
130,cuda_runtime,X,2151687,771,2151687,135,cudaEventRecord,6783222074289.54,1.201
130,cuda_runtime,X,2151687,772,2151687,317,cudaStreamIsCapturing,6783222074290.968,0.427
130,cuda_runtime,X,2151687,773,2151687,203,cudaStreamGetPriority,6783222074291.589,0.432
130,cuda_runtime,X,2151687,774,2151687,205,cudaDeviceGetStreamPriorityRange,6783222074292.235,0.318
130,cuda_runtime,X,2151687,782,2151687,273,cudaFuncSetAttribute,6783222074303.355,1.601
130,cuda_runtime,X,2151687,783,2151687,211,cudaLaunchKernel,6783222074305.715,9.399
138,cuda_runtime,X,2151687,790,2151687,211,cudaLaunchKernel,6783222074350.507,7.792
140,cuda_runtime,X,2151687,797,2151687,211,cudaLaunchKernel,6783222074398.779,7.62
144,cuda_runtime,X,2151687,810,2151687,135,cudaEventRecord,6783222074501.467,1.972
144,cuda_runtime,X,2151687,811,2151687,317,cudaStreamIsCapturing,6783222074503.8,0.623
144,cuda_runtime,X,2151687,812,2151687,203,cudaStreamGetPriority,6783222074504.718,0.599
144,cuda_runtime,X,2151687,813,2151687,205,cudaDeviceGetStreamPriorityRange,6783222074505.629,0.492
144,cuda_runtime,X,2151687,817,2151687,211,cudaLaunchKernel,6783222074521.061,9.069
144,cuda_runtime,X,2151687,819,2151687,211,cudaLaunchKernel,6783222074532.244,4.449
144,cuda_runtime,X,2151687,821,2151687,11,cudaPeekAtLastError,6783222074541.474,0.202
144,cuda_runtime,X,2151687,822,2151687,273,cudaFuncSetAttribute,6783222074546.702,1.468
144,cuda_runtime,X,2151687,823,2151687,273,cudaFuncSetAttribute,6783222074548.393,0.576
144,cuda_runtime,X,2151687,824,2151687,430,cudaLaunchKernelExC,6783222074549.896,6.716
144,cuda_runtime,X,2151687,826,2151687,11,cudaPeekAtLastError,6783222074557.93,0.148
145,cuda_runtime,X,2151687,833,2151687,211,cudaLaunchKernel,6783222074615.385,8.021
148,cuda_runtime,X,2151687,847,2151687,135,cudaEventRecord,6783222074691.808,1.809
148,cuda_runtime,X,2151687,848,2151687,317,cudaStreamIsCapturing,6783222074693.947,0.642
148,cuda_runtime,X,2151687,849,2151687,203,cudaStreamGetPriority,6783222074695.7,0.608
148,cuda_runtime,X,2151687,850,2151687,205,cudaDeviceGetStreamPriorityRange,6783222074696.947,0.558
148,cuda_runtime,X,2151687,874,2151687,135,cudaEventRecord,6783222074747.198,1.166
148,cuda_runtime,X,2151687,875,2151687,317,cudaStreamIsCapturing,6783222074748.681,0.511
148,cuda_runtime,X,2151687,876,2151687,203,cudaStreamGetPriority,6783222074749.498,0.433
148,cuda_runtime,X,2151687,877,2151687,205,cudaDeviceGetStreamPriorityRange,6783222074750.194,0.369
148,cuda_runtime,X,2151687,885,2151687,273,cudaFuncSetAttribute,6783222074762.955,1.664
148,cuda_runtime,X,2151687,886,2151687,211,cudaLaunchKernel,6783222074765.539,10.08
157,cuda_runtime,X,2151687,894,2151687,211,cudaLaunchKernel,6783222074820.703,8.966
161,cuda_runtime,X,2151687,907,2151687,135,cudaEventRecord,6783222074921.579,2.04
161,cuda_runtime,X,2151687,908,2151687,317,cudaStreamIsCapturing,6783222074923.996,0.621
161,cuda_runtime,X,2151687,909,2151687,203,cudaStreamGetPriority,6783222074925.245,0.527
161,cuda_runtime,X,2151687,910,2151687,205,cudaDeviceGetStreamPriorityRange,6783222074926.104,0.48
161,cuda_runtime,X,2151687,914,2151687,211,cudaLaunchKernel,6783222074945.203,9.444
161,cuda_runtime,X,2151687,916,2151687,211,cudaLaunchKernel,6783222074956.728,6.885
161,cuda_runtime,X,2151687,918,2151687,11,cudaPeekAtLastError,6783222074968.263,0.243
161,cuda_runtime,X,2151687,919,2151687,273,cudaFuncSetAttribute,6783222074973.626,1.214
161,cuda_runtime,X,2151687,920,2151687,273,cudaFuncSetAttribute,6783222074975.061,0.591
161,cuda_runtime,X,2151687,921,2151687,430,cudaLaunchKernelExC,6783222074976.713,8.559
161,cuda_runtime,X,2151687,923,2151687,11,cudaPeekAtLastError,6783222074986.957,0.114
162,cuda_runtime,X,2151687,930,2151687,211,cudaLaunchKernel,6783222075048.997,10.285
165,cuda_runtime,X,2151687,944,2151687,135,cudaEventRecord,6783222075130.264,1.751
165,cuda_runtime,X,2151687,945,2151687,317,cudaStreamIsCapturing,6783222075132.433,0.712
165,cuda_runtime,X,2151687,946,2151687,203,cudaStreamGetPriority,6783222075133.931,0.567
165,cuda_runtime,X,2151687,947,2151687,205,cudaDeviceGetStreamPriorityRange,6783222075134.886,0.462
165,cuda_runtime,X,2151687,971,2151687,135,cudaEventRecord,6783222075183.599,1.099
165,cuda_runtime,X,2151687,972,2151687,317,cudaStreamIsCapturing,6783222075184.908,0.468
165,cuda_runtime,X,2151687,973,2151687,203,cudaStreamGetPriority,6783222075185.62,0.348
165,cuda_runtime,X,2151687,974,2151687,205,cudaDeviceGetStreamPriorityRange,6783222075186.256,0.371
165,cuda_runtime,X,2151687,982,2151687,273,cudaFuncSetAttribute,6783222075200.534,5.297
165,cuda_runtime,X,2151687,983,2151687,211,cudaLaunchKernel,6783222075207.8,17.348
173,cuda_runtime,X,2151687,990,2151687,211,cudaLaunchKernel,6783222075259.425,8.585
175,cuda_runtime,X,2151687,997,2151687,211,cudaLaunchKernel,6783222075306.909,7.991
179,cuda_runtime,X,2151687,1010,2151687,135,cudaEventRecord,6783222075499.358,2.164
179,cuda_runtime,X,2151687,1011,2151687,317,cudaStreamIsCapturing,6783222075502.015,0.594
179,cuda_runtime,X,2151687,1012,2151687,203,cudaStreamGetPriority,6783222075502.922,0.595
179,cuda_runtime,X,2151687,1013,2151687,205,cudaDeviceGetStreamPriorityRange,6783222075503.803,0.544
179,cuda_runtime,X,2151687,1019,2151687,317,cudaStreamIsCapturing,6783222075513.54,1.182
179,cuda_runtime,X,2151687,1020,2151687,20,cudaMalloc,6783222075516.442,374.179
179,cuda_runtime,X,2151687,1021,2151687,211,cudaLaunchKernel,6783222075915.089,17.381
179,cuda_runtime,X,2151687,1023,2151687,211,cudaLaunchKernel,6783222075935.094,5.514
179,cuda_runtime,X,2151687,1025,2151687,273,cudaFuncSetAttribute,6783222075946.606,1.869
179,cuda_runtime,X,2151687,1026,2151687,11,cudaPeekAtLastError,6783222075949.157,0.181
179,cuda_runtime,X,2151687,1027,2151687,211,cudaLaunchKernel,6783222075951.206,10.638
179,cuda_runtime,X,2151687,1030,2151687,11,cudaPeekAtLastError,6783222075963.099,0.164
179,cuda_runtime,X,2151687,1031,2151687,211,cudaLaunchKernel,6783222075967.964,7.676
180,cuda_runtime,X,2151687,1039,2151687,211,cudaLaunchKernel,6783222076080.951,9.639
183,cuda_runtime,X,2151687,1053,2151687,135,cudaEventRecord,6783222076172.965,2.615
183,cuda_runtime,X,2151687,1054,2151687,317,cudaStreamIsCapturing,6783222076175.99,0.961
183,cuda_runtime,X,2151687,1055,2151687,203,cudaStreamGetPriority,6783222076177.282,0.723
183,cuda_runtime,X,2151687,1056,2151687,205,cudaDeviceGetStreamPriorityRange,6783222076178.54,0.609
183,cuda_runtime,X,2151687,1080,2151687,135,cudaEventRecord,6783222076225.224,1.99
183,cuda_runtime,X,2151687,1081,2151687,317,cudaStreamIsCapturing,6783222076227.461,0.46
183,cuda_runtime,X,2151687,1082,2151687,203,cudaStreamGetPriority,6783222076228.165,0.456
183,cuda_runtime,X,2151687,1083,2151687,205,cudaDeviceGetStreamPriorityRange,6783222076228.94,0.355
183,cuda_runtime,X,2151687,1091,2151687,273,cudaFuncSetAttribute,6783222076241.358,1.821
183,cuda_runtime,X,2151687,1092,2151687,211,cudaLaunchKernel,6783222076243.989,9.357
192,cuda_runtime,X,2151687,1100,2151687,211,cudaLaunchKernel,6783222076305.653,13.629
196,cuda_runtime,X,2151687,1111,2151687,317,cudaStreamIsCapturing,6783222076414.833,1.181
196,cuda_runtime,X,2151687,1112,2151687,20,cudaMalloc,6783222076416.453,226.616
196,cuda_runtime,X,2151687,1117,2151687,135,cudaEventRecord,6783222076666.442,2.538
196,cuda_runtime,X,2151687,1118,2151687,317,cudaStreamIsCapturing,6783222076669.383,0.592
196,cuda_runtime,X,2151687,1119,2151687,203,cudaStreamGetPriority,6783222076670.421,0.669
196,cuda_runtime,X,2151687,1120,2151687,205,cudaDeviceGetStreamPriorityRange,6783222076671.468,0.68
196,cuda_runtime,X,2151687,1124,2151687,211,cudaLaunchKernel,6783222076696.863,14.102
196,cuda_runtime,X,2151687,1126,2151687,211,cudaLaunchKernel,6783222076713.805,5.611
196,cuda_runtime,X,2151687,1128,2151687,273,cudaFuncSetAttribute,6783222076724.636,1.867
196,cuda_runtime,X,2151687,1129,2151687,11,cudaPeekAtLastError,6783222076726.952,0.22
196,cuda_runtime,X,2151687,1130,2151687,211,cudaLaunchKernel,6783222076728.826,8.11
196,cuda_runtime,X,2151687,1133,2151687,11,cudaPeekAtLastError,6783222076738.248,0.106
196,cuda_runtime,X,2151687,1134,2151687,211,cudaLaunchKernel,6783222076740.818,7.678
197,cuda_runtime,X,2151687,1142,2151687,211,cudaLaunchKernel,6783222076832.489,8.917
200,cuda_runtime,X,2151687,1156,2151687,135,cudaEventRecord,6783222076922.207,2.263
200,cuda_runtime,X,2151687,1157,2151687,317,cudaStreamIsCapturing,6783222076924.813,0.687
200,cuda_runtime,X,2151687,1158,2151687,203,cudaStreamGetPriority,6783222076926.37,0.612
200,cuda_runtime,X,2151687,1159,2151687,205,cudaDeviceGetStreamPriorityRange,6783222076927.631,0.629
200,cuda_runtime,X,2151687,1183,2151687,135,cudaEventRecord,6783222076977.764,1.14
200,cuda_runtime,X,2151687,1184,2151687,317,cudaStreamIsCapturing,6783222076979.137,0.412
200,cuda_runtime,X,2151687,1185,2151687,203,cudaStreamGetPriority,6783222076979.779,0.444
200,cuda_runtime,X,2151687,1186,2151687,205,cudaDeviceGetStreamPriorityRange,6783222076980.437,0.388
200,cuda_runtime,X,2151687,1194,2151687,273,cudaFuncSetAttribute,6783222076993.384,1.637
200,cuda_runtime,X,2151687,1195,2151687,211,cudaLaunchKernel,6783222076995.95,10.113
211,cuda_runtime,X,2151687,1205,2151687,317,cudaStreamIsCapturing,6783222077096.588,1.428
211,cuda_runtime,X,2151687,1206,2151687,20,cudaMalloc,6783222077098.446,125.914
211,cuda_runtime,X,2151687,1211,2151687,135,cudaEventRecord,6783222077239.944,2.164
211,cuda_runtime,X,2151687,1212,2151687,317,cudaStreamIsCapturing,6783222077242.473,0.611
211,cuda_runtime,X,2151687,1213,2151687,203,cudaStreamGetPriority,6783222077243.395,0.632
211,cuda_runtime,X,2151687,1214,2151687,205,cudaDeviceGetStreamPriorityRange,6783222077244.339,0.558
211,cuda_runtime,X,2151687,1218,2151687,211,cudaLaunchKernel,6783222077261.182,19.105
212,cuda_runtime,X,2151687,1226,2151687,211,cudaLaunchKernel,6783222077351.303,9.464
215,cuda_runtime,X,2151687,1240,2151687,135,cudaEventRecord,6783222077438.225,2.008
215,cuda_runtime,X,2151687,1241,2151687,317,cudaStreamIsCapturing,6783222077440.768,0.64
215,cuda_runtime,X,2151687,1242,2151687,203,cudaStreamGetPriority,6783222077441.7,0.649
215,cuda_runtime,X,2151687,1243,2151687,205,cudaDeviceGetStreamPriorityRange,6783222077442.627,0.576
215,cuda_runtime,X,2151687,1267,2151687,135,cudaEventRecord,6783222077508.082,1.172
215,cuda_runtime,X,2151687,1268,2151687,317,cudaStreamIsCapturing,6783222077509.594,0.427
215,cuda_runtime,X,2151687,1269,2151687,203,cudaStreamGetPriority,6783222077510.213,0.386
215,cuda_runtime,X,2151687,1270,2151687,205,cudaDeviceGetStreamPriorityRange,6783222077510.881,0.359
215,cuda_runtime,X,2151687,1278,2151687,273,cudaFuncSetAttribute,6783222077523.757,1.821
215,cuda_runtime,X,2151687,1279,2151687,211,cudaLaunchKernel,6783222077527.136,11.129
223,cuda_runtime,X,2151687,1286,2151687,211,cudaLaunchKernel,6783222077628.678,11.298
225,cuda_runtime,X,2151687,1293,2151687,211,cudaLaunchKernel,6783222077702.506,18.173
229,cuda_runtime,X,2151687,1306,2151687,135,cudaEventRecord,6783222077897.851,2.098
229,cuda_runtime,X,2151687,1307,2151687,317,cudaStreamIsCapturing,6783222077900.396,0.736
229,cuda_runtime,X,2151687,1308,2151687,203,cudaStreamGetPriority,6783222077901.395,1.786
229,cuda_runtime,X,2151687,1309,2151687,205,cudaDeviceGetStreamPriorityRange,6783222077904.285,0.525
229,cuda_runtime,X,2151687,1313,2151687,211,cudaLaunchKernel,6783222077967.4,15.281
229,cuda_runtime,X,2151687,1315,2151687,211,cudaLaunchKernel,6783222077984.883,9.023
229,cuda_runtime,X,2151687,1317,2151687,273,cudaFuncSetAttribute,6783222078001.032,2.099
229,cuda_runtime,X,2151687,1318,2151687,11,cudaPeekAtLastError,6783222078003.535,0.217
229,cuda_runtime,X,2151687,1319,2151687,211,cudaLaunchKernel,6783222078005.322,10.05
229,cuda_runtime,X,2151687,1322,2151687,11,cudaPeekAtLastError,6783222078016.594,0.478
229,cuda_runtime,X,2151687,1323,2151687,211,cudaLaunchKernel,6783222078020.048,9.005
230,cuda_runtime,X,2151687,1331,2151687,211,cudaLaunchKernel,6783222078089.11,8.314
235,cuda_runtime,X,2151687,1341,2151687,317,cudaStreamIsCapturing,6783222078158.825,1.339
235,cuda_runtime,X,2151687,1342,2151687,20,cudaMalloc,6783222078160.565,114.527
233,cuda_runtime,X,2151687,1349,2151687,135,cudaEventRecord,6783222078290.001,2.456
233,cuda_runtime,X,2151687,1350,2151687,317,cudaStreamIsCapturing,6783222078292.862,0.609
233,cuda_runtime,X,2151687,1351,2151687,203,cudaStreamGetPriority,6783222078293.887,0.639
233,cuda_runtime,X,2151687,1352,2151687,205,cudaDeviceGetStreamPriorityRange,6783222078294.85,0.68
233,cuda_runtime,X,2151687,1376,2151687,135,cudaEventRecord,6783222078341.154,1.188
233,cuda_runtime,X,2151687,1377,2151687,317,cudaStreamIsCapturing,6783222078342.56,0.434
233,cuda_runtime,X,2151687,1378,2151687,203,cudaStreamGetPriority,6783222078343.191,0.413
233,cuda_runtime,X,2151687,1379,2151687,205,cudaDeviceGetStreamPriorityRange,6783222078343.823,0.367
233,cuda_runtime,X,2151687,1387,2151687,273,cudaFuncSetAttribute,6783222078355.75,1.757
233,cuda_runtime,X,2151687,1388,2151687,211,cudaLaunchKernel,6783222078358.314,12.452
242,cuda_runtime,X,2151687,1396,2151687,211,cudaLaunchKernel,6783222078429.004,8.905
246,cuda_runtime,X,2151687,1409,2151687,135,cudaEventRecord,6783222078534.461,1.92
246,cuda_runtime,X,2151687,1410,2151687,317,cudaStreamIsCapturing,6783222078536.726,0.64
246,cuda_runtime,X,2151687,1411,2151687,203,cudaStreamGetPriority,6783222078537.788,0.545
246,cuda_runtime,X,2151687,1412,2151687,205,cudaDeviceGetStreamPriorityRange,6783222078538.646,0.511
246,cuda_runtime,X,2151687,1416,2151687,211,cudaLaunchKernel,6783222078556.821,9.816
246,cuda_runtime,X,2151687,1418,2151687,211,cudaLaunchKernel,6783222078568.846,4.576
246,cuda_runtime,X,2151687,1420,2151687,273,cudaFuncSetAttribute,6783222078577.493,1.31
246,cuda_runtime,X,2151687,1421,2151687,11,cudaPeekAtLastError,6783222078579.186,0.23
246,cuda_runtime,X,2151687,1422,2151687,211,cudaLaunchKernel,6783222078580.526,5.407
246,cuda_runtime,X,2151687,1425,2151687,11,cudaPeekAtLastError,6783222078587.033,0.1
246,cuda_runtime,X,2151687,1426,2151687,211,cudaLaunchKernel,6783222078589.196,5.014
247,cuda_runtime,X,2151687,1434,2151687,211,cudaLaunchKernel,6783222078652.538,8.864
252,cuda_runtime,X,2151687,1444,2151687,317,cudaStreamIsCapturing,6783222078721.89,1.36
252,cuda_runtime,X,2151687,1445,2151687,20,cudaMalloc,6783222078723.697,113.317
250,cuda_runtime,X,2151687,1452,2151687,135,cudaEventRecord,6783222078852.509,2.44
250,cuda_runtime,X,2151687,1453,2151687,317,cudaStreamIsCapturing,6783222078855.348,0.623
250,cuda_runtime,X,2151687,1454,2151687,203,cudaStreamGetPriority,6783222078856.315,0.717
250,cuda_runtime,X,2151687,1455,2151687,205,cudaDeviceGetStreamPriorityRange,6783222078857.471,0.588
250,cuda_runtime,X,2151687,1479,2151687,135,cudaEventRecord,6783222078905.27,1.198
250,cuda_runtime,X,2151687,1480,2151687,317,cudaStreamIsCapturing,6783222078906.682,0.45
250,cuda_runtime,X,2151687,1481,2151687,203,cudaStreamGetPriority,6783222078907.35,0.391
250,cuda_runtime,X,2151687,1482,2151687,205,cudaDeviceGetStreamPriorityRange,6783222078907.957,0.371
250,cuda_runtime,X,2151687,1490,2151687,273,cudaFuncSetAttribute,6783222078919.729,1.705
250,cuda_runtime,X,2151687,1491,2151687,211,cudaLaunchKernel,6783222078922.245,13.051
258,cuda_runtime,X,2151687,1498,2151687,211,cudaLaunchKernel,6783222078971.01,8.371
260,cuda_runtime,X,2151687,1505,2151687,211,cudaLaunchKernel,6783222079022.281,8.087
264,cuda_runtime,X,2151687,1518,2151687,135,cudaEventRecord,6783222079133.192,2.19
264,cuda_runtime,X,2151687,1519,2151687,317,cudaStreamIsCapturing,6783222079135.742,0.58
264,cuda_runtime,X,2151687,1520,2151687,203,cudaStreamGetPriority,6783222079136.743,0.584
264,cuda_runtime,X,2151687,1521,2151687,205,cudaDeviceGetStreamPriorityRange,6783222079137.65,0.485
264,cuda_runtime,X,2151687,1525,2151687,211,cudaLaunchKernel,6783222079159.321,9.942
264,cuda_runtime,X,2151687,1527,2151687,211,cudaLaunchKernel,6783222079171.414,4.893
264,cuda_runtime,X,2151687,1529,2151687,11,cudaPeekAtLastError,6783222079182.051,0.244
264,cuda_runtime,X,2151687,1530,2151687,51,cudaMemsetAsync,6783222079187.795,11.937
264,cuda_runtime,X,2151687,1531,2151687,273,cudaFuncSetAttribute,6783222079201.389,1.535
264,cuda_runtime,X,2151687,1532,2151687,273,cudaFuncSetAttribute,6783222079203.2,0.475
264,cuda_runtime,X,2151687,1533,2151687,430,cudaLaunchKernelExC,6783222079204.13,8.131
264,cuda_runtime,X,2151687,1535,2151687,11,cudaPeekAtLastError,6783222079213.456,0.169
265,cuda_runtime,X,2151687,1542,2151687,211,cudaLaunchKernel,6783222079273.743,9.287
268,cuda_runtime,X,2151687,1556,2151687,135,cudaEventRecord,6783222079352.634,2.097
268,cuda_runtime,X,2151687,1557,2151687,317,cudaStreamIsCapturing,6783222079355.06,0.73
268,cuda_runtime,X,2151687,1558,2151687,203,cudaStreamGetPriority,6783222079356.099,0.602
268,cuda_runtime,X,2151687,1559,2151687,205,cudaDeviceGetStreamPriorityRange,6783222079356.996,0.547
268,cuda_runtime,X,2151687,1583,2151687,135,cudaEventRecord,6783222079396.798,1.124
268,cuda_runtime,X,2151687,1584,2151687,317,cudaStreamIsCapturing,6783222079398.149,0.431
268,cuda_runtime,X,2151687,1585,2151687,203,cudaStreamGetPriority,6783222079398.778,0.419
268,cuda_runtime,X,2151687,1586,2151687,205,cudaDeviceGetStreamPriorityRange,6783222079399.402,0.356
268,cuda_runtime,X,2151687,1594,2151687,273,cudaFuncSetAttribute,6783222079410.995,1.455
268,cuda_runtime,X,2151687,1595,2151687,211,cudaLaunchKernel,6783222079413.333,8.769
277,cuda_runtime,X,2151687,1603,2151687,211,cudaLaunchKernel,6783222079464.815,8.306
281,cuda_runtime,X,2151687,1616,2151687,135,cudaEventRecord,6783222079553.578,1.817
281,cuda_runtime,X,2151687,1617,2151687,317,cudaStreamIsCapturing,6783222079555.793,0.556
281,cuda_runtime,X,2151687,1618,2151687,203,cudaStreamGetPriority,6783222079556.635,0.595
281,cuda_runtime,X,2151687,1619,2151687,205,cudaDeviceGetStreamPriorityRange,6783222079557.674,0.491
281,cuda_runtime,X,2151687,1623,2151687,211,cudaLaunchKernel,6783222079593.09,14.486
281,cuda_runtime,X,2151687,1625,2151687,211,cudaLaunchKernel,6783222079609.822,6.756
281,cuda_runtime,X,2151687,1627,2151687,11,cudaPeekAtLastError,6783222079623.665,0.269
281,cuda_runtime,X,2151687,1628,2151687,51,cudaMemsetAsync,6783222079629.291,23.851
281,cuda_runtime,X,2151687,1629,2151687,273,cudaFuncSetAttribute,6783222079655.444,4.273
281,cuda_runtime,X,2151687,1630,2151687,273,cudaFuncSetAttribute,6783222079663.954,0.465
281,cuda_runtime,X,2151687,1631,2151687,430,cudaLaunchKernelExC,6783222079664.821,19.237
281,cuda_runtime,X,2151687,1633,2151687,11,cudaPeekAtLastError,6783222079686.07,0.144
281,cuda_runtime,X,2151687,1634,2151687,211,cudaLaunchKernel,6783222079691.277,8.28
282,cuda_runtime,X,2151687,1642,2151687,211,cudaLaunchKernel,6783222079765.368,9.302
287,cuda_runtime,X,2151687,1652,2151687,317,cudaStreamIsCapturing,6783222079841.294,1.251
287,cuda_runtime,X,2151687,1653,2151687,20,cudaMalloc,6783222079842.986,136.68
285,cuda_runtime,X,2151687,1660,2151687,135,cudaEventRecord,6783222079994.648,2.406
285,cuda_runtime,X,2151687,1661,2151687,317,cudaStreamIsCapturing,6783222079997.439,0.639
285,cuda_runtime,X,2151687,1662,2151687,203,cudaStreamGetPriority,6783222079998.357,0.715
285,cuda_runtime,X,2151687,1663,2151687,205,cudaDeviceGetStreamPriorityRange,6783222079999.501,0.562
285,cuda_runtime,X,2151687,1687,2151687,135,cudaEventRecord,6783222080058.39,1.133
285,cuda_runtime,X,2151687,1688,2151687,317,cudaStreamIsCapturing,6783222080059.749,0.439
285,cuda_runtime,X,2151687,1689,2151687,203,cudaStreamGetPriority,6783222080060.386,0.374
285,cuda_runtime,X,2151687,1690,2151687,205,cudaDeviceGetStreamPriorityRange,6783222080060.977,0.418
285,cuda_runtime,X,2151687,1698,2151687,273,cudaFuncSetAttribute,6783222080072.54,1.709
285,cuda_runtime,X,2151687,1699,2151687,211,cudaLaunchKernel,6783222080075.068,12.411
296,cuda_runtime,X,2151687,1711,2151687,135,cudaEventRecord,6783222080225.756,2.324
296,cuda_runtime,X,2151687,1712,2151687,317,cudaStreamIsCapturing,6783222080228.404,0.585
296,cuda_runtime,X,2151687,1713,2151687,203,cudaStreamGetPriority,6783222080229.465,0.543
296,cuda_runtime,X,2151687,1714,2151687,205,cudaDeviceGetStreamPriorityRange,6783222080230.558,0.743
296,cuda_runtime,X,2151687,1718,2151687,211,cudaLaunchKernel,6783222080253.975,12.323
296,cuda_runtime,X,2151687,1720,2151687,211,cudaLaunchKernel,6783222080269.412,6.17
296,cuda_runtime,X,2151687,1722,2151687,11,cudaPeekAtLastError,6783222080282.686,0.179
296,cuda_runtime,X,2151687,1723,2151687,273,cudaFuncSetAttribute,6783222080289.725,2.06
296,cuda_runtime,X,2151687,1724,2151687,273,cudaFuncSetAttribute,6783222080292.027,0.638
296,cuda_runtime,X,2151687,1725,2151687,430,cudaLaunchKernelExC,6783222080293.72,16.844
296,cuda_runtime,X,2151687,1727,2151687,11,cudaPeekAtLastError,6783222080312.331,0.111
296,cuda_runtime,X,2151687,1728,2151687,211,cudaLaunchKernel,6783222080314.76,7.494
297,cuda_runtime,X,2151687,1736,2151687,211,cudaLaunchKernel,6783222080405.54,13.173
300,cuda_runtime,X,2151687,1750,2151687,135,cudaEventRecord,6783222080487.722,2.005
300,cuda_runtime,X,2151687,1751,2151687,317,cudaStreamIsCapturing,6783222080490.078,0.673
300,cuda_runtime,X,2151687,1752,2151687,203,cudaStreamGetPriority,6783222080491.149,0.541
300,cuda_runtime,X,2151687,1753,2151687,205,cudaDeviceGetStreamPriorityRange,6783222080491.947,0.518
300,cuda_runtime,X,2151687,1777,2151687,135,cudaEventRecord,6783222080544.573,1.164
300,cuda_runtime,X,2151687,1778,2151687,317,cudaStreamIsCapturing,6783222080545.945,0.422
300,cuda_runtime,X,2151687,1779,2151687,203,cudaStreamGetPriority,6783222080546.562,0.445
300,cuda_runtime,X,2151687,1780,2151687,205,cudaDeviceGetStreamPriorityRange,6783222080547.227,0.396
300,cuda_runtime,X,2151687,1788,2151687,273,cudaFuncSetAttribute,6783222080558.303,1.462
300,cuda_runtime,X,2151687,1789,2151687,211,cudaLaunchKernel,6783222080560.6,9.111
308,cuda_runtime,X,2151687,1796,2151687,211,cudaLaunchKernel,6783222080605.047,9.365
310,cuda_runtime,X,2151687,1803,2151687,211,cudaLaunchKernel,6783222080655.427,8.542
314,cuda_runtime,X,2151687,1816,2151687,135,cudaEventRecord,6783222080751.301,1.925
314,cuda_runtime,X,2151687,1817,2151687,317,cudaStreamIsCapturing,6783222080753.642,0.652
314,cuda_runtime,X,2151687,1818,2151687,203,cudaStreamGetPriority,6783222080754.599,0.538
314,cuda_runtime,X,2151687,1819,2151687,205,cudaDeviceGetStreamPriorityRange,6783222080755.43,0.468
314,cuda_runtime,X,2151687,1823,2151687,211,cudaLaunchKernel,6783222080773.398,9.401
314,cuda_runtime,X,2151687,1825,2151687,211,cudaLaunchKernel,6783222080784.825,5.191
314,cuda_runtime,X,2151687,1827,2151687,11,cudaPeekAtLastError,6783222080795.398,0.223
314,cuda_runtime,X,2151687,1828,2151687,51,cudaMemsetAsync,6783222080799.568,7.684
314,cuda_runtime,X,2151687,1829,2151687,273,cudaFuncSetAttribute,6783222080808.396,1.473
314,cuda_runtime,X,2151687,1830,2151687,273,cudaFuncSetAttribute,6783222080810.209,0.589
314,cuda_runtime,X,2151687,1831,2151687,430,cudaLaunchKernelExC,6783222080811.203,6.658
314,cuda_runtime,X,2151687,1833,2151687,11,cudaPeekAtLastError,6783222080819.116,0.139
314,cuda_runtime,X,2151687,1834,2151687,211,cudaLaunchKernel,6783222080821.35,4.681
315,cuda_runtime,X,2151687,1842,2151687,211,cudaLaunchKernel,6783222080883.654,8.703
318,cuda_runtime,X,2151687,1856,2151687,135,cudaEventRecord,6783222080960.004,1.983
318,cuda_runtime,X,2151687,1857,2151687,317,cudaStreamIsCapturing,6783222080962.349,0.626
318,cuda_runtime,X,2151687,1858,2151687,203,cudaStreamGetPriority,6783222080963.273,0.578
318,cuda_runtime,X,2151687,1859,2151687,205,cudaDeviceGetStreamPriorityRange,6783222080964.118,0.544
318,cuda_runtime,X,2151687,1883,2151687,135,cudaEventRecord,6783222081004.027,1.104
318,cuda_runtime,X,2151687,1884,2151687,317,cudaStreamIsCapturing,6783222081005.359,0.393
318,cuda_runtime,X,2151687,1885,2151687,203,cudaStreamGetPriority,6783222081005.943,0.468
318,cuda_runtime,X,2151687,1886,2151687,205,cudaDeviceGetStreamPriorityRange,6783222081006.616,0.404
318,cuda_runtime,X,2151687,1894,2151687,273,cudaFuncSetAttribute,6783222081017.715,1.471
318,cuda_runtime,X,2151687,1895,2151687,211,cudaLaunchKernel,6783222081019.999,8.446
327,cuda_runtime,X,2151687,1903,2151687,211,cudaLaunchKernel,6783222081071.782,8.458
331,cuda_runtime,X,2151687,1914,2151687,317,cudaStreamIsCapturing,6783222081148.165,1.296
331,cuda_runtime,X,2151687,1915,2151687,20,cudaMalloc,6783222081149.998,122.252
331,cuda_runtime,X,2151687,1920,2151687,135,cudaEventRecord,6783222081286.283,2.249
331,cuda_runtime,X,2151687,1921,2151687,317,cudaStreamIsCapturing,6783222081288.919,0.62
331,cuda_runtime,X,2151687,1922,2151687,203,cudaStreamGetPriority,6783222081289.84,0.743
331,cuda_runtime,X,2151687,1923,2151687,205,cudaDeviceGetStreamPriorityRange,6783222081291.036,0.596
331,cuda_runtime,X,2151687,1927,2151687,211,cudaLaunchKernel,6783222081310.062,12.601
331,cuda_runtime,X,2151687,1929,2151687,211,cudaLaunchKernel,6783222081324.888,5.236
331,cuda_runtime,X,2151687,1931,2151687,11,cudaPeekAtLastError,6783222081334.414,0.221
331,cuda_runtime,X,2151687,1932,2151687,51,cudaMemsetAsync,6783222081338.444,6.268
331,cuda_runtime,X,2151687,1933,2151687,273,cudaFuncSetAttribute,6783222081345.87,1.245
331,cuda_runtime,X,2151687,1934,2151687,273,cudaFuncSetAttribute,6783222081347.423,0.463
331,cuda_runtime,X,2151687,1935,2151687,430,cudaLaunchKernelExC,6783222081348.238,5.877
331,cuda_runtime,X,2151687,1937,2151687,11,cudaPeekAtLastError,6783222081355.357,0.113
331,cuda_runtime,X,2151687,1938,2151687,211,cudaLaunchKernel,6783222081357.576,4.853
332,cuda_runtime,X,2151687,1946,2151687,211,cudaLaunchKernel,6783222081442.676,8.829
335,cuda_runtime,X,2151687,1960,2151687,135,cudaEventRecord,6783222081525.776,2.292
335,cuda_runtime,X,2151687,1961,2151687,317,cudaStreamIsCapturing,6783222081528.557,0.623
335,cuda_runtime,X,2151687,1962,2151687,203,cudaStreamGetPriority,6783222081529.554,0.6
335,cuda_runtime,X,2151687,1963,2151687,205,cudaDeviceGetStreamPriorityRange,6783222081531.047,0.754
335,cuda_runtime,X,2151687,1987,2151687,135,cudaEventRecord,6783222081603.881,1.694
335,cuda_runtime,X,2151687,1988,2151687,317,cudaStreamIsCapturing,6783222081605.961,0.493
335,cuda_runtime,X,2151687,1989,2151687,203,cudaStreamGetPriority,6783222081606.72,0.433
335,cuda_runtime,X,2151687,1990,2151687,205,cudaDeviceGetStreamPriorityRange,6783222081607.662,0.838
335,cuda_runtime,X,2151687,1998,2151687,273,cudaFuncSetAttribute,6783222081620.761,1.732
335,cuda_runtime,X,2151687,1999,2151687,211,cudaLaunchKernel,6783222081623.454,10.341
343,cuda_runtime,X,2151687,2006,2151687,211,cudaLaunchKernel,6783222081671.169,8.144
345,cuda_runtime,X,2151687,2013,2151687,211,cudaLaunchKernel,6783222081720.015,8.486
347,cuda_runtime,X,2151687,2029,2151687,211,cudaLaunchKernel,6783222081871.278,14.249
354,cuda_runtime,X,2151687,2048,2151687,211,cudaLaunchKernel,6783222082110.789,13.341
2054,cuda_runtime,X,2151687,2054,2151687,165,cudaDeviceSynchronize,6783222082840.249,1136.834
