tid,cat,id,name,pid,bp,ts,ph
7,ac2g,78910,ac2g,0,e,6939565712147.097,f
122891,ac2g,78910,ac2g,122891,,6939565711256.431,s
7,ac2g,78940,ac2g,0,e,6939565713382.551,f
125589,ac2g,78940,ac2g,122891,,6939565713239.278,s
125589,ac2g,78956,ac2g,122891,e,6939565713407.658,f
7,ac2g,78958,ac2g,0,e,6939565713571.862,f
125589,ac2g,78958,ac2g,122891,,6939565713416.503,s
7,ac2g,78959,ac2g,0,e,6939565713623.414,f
125589,ac2g,78959,ac2g,122891,,6939565713442.368,s
7,ac2g,78977,ac2g,0,e,6939565713823.83,f
125589,ac2g,78977,ac2g,122891,,6939565713608.126,s
125589,ac2g,78990,ac2g,122891,e,6939565713671.263,f
7,ac2g,78991,ac2g,0,e,6939565713828.278,f
125589,ac2g,78991,ac2g,122891,,6939565713685.125,s
7,ac2g,79004,ac2g,0,e,6939565713875.766,f
125589,ac2g,79004,ac2g,122891,,6939565713799.864,s
7,ac2g,79057,ac2g,0,e,6939565714439.38,f
125589,ac2g,79057,ac2g,122891,,6939565714330.294,s
7,ac2g,79059,ac2g,0,e,6939565714443.285,f
125589,ac2g,79059,ac2g,122891,,6939565714359.231,s
7,ac2g,79100,ac2g,0,e,6939565715107.988,f
125589,ac2g,79100,ac2g,122891,,6939565714622.462,s
7,ac2g,79102,ac2g,0,e,6939565715111.892,f
125589,ac2g,79102,ac2g,122891,,6939565714644.117,s
7,ac2g,79131,ac2g,0,e,6939565715117.428,f
125589,ac2g,79131,ac2g,122891,,6939565714920.087,s
125589,ac2g,79156,ac2g,122891,e,6939565715184.53,f
7,ac2g,79157,ac2g,0,e,6939565715361.843,f
125589,ac2g,79157,ac2g,122891,,6939565715193.587,s
7,ac2g,79159,ac2g,0,e,6939565715379.315,f
125589,ac2g,79159,ac2g,122891,,6939565715223.721,s
7,ac2g,79176,ac2g,0,e,6939565715383.571,f
125589,ac2g,79176,ac2g,122891,,6939565715348.227,s
7,ac2g,79189,ac2g,0,e,6939565715665.715,f
125589,ac2g,79189,ac2g,122891,,6939565715468.434,s
7,ac2g,79222,ac2g,0,e,6939565716897.649,f
125589,ac2g,79222,ac2g,122891,,6939565715842.101,s
7,ac2g,79236,ac2g,0,e,6939565716901.681,f
125589,ac2g,79236,ac2g,122891,,6939565715970.792,s
7,ac2g,79261,ac2g,0,e,6939565716905.649,f
125589,ac2g,79261,ac2g,122891,,6939565716176.725,s
7,ac2g,79263,ac2g,0,e,6939565716922.737,f
125589,ac2g,79263,ac2g,122891,,6939565716198.011,s
7,ac2g,79280,ac2g,0,e,6939565716927.185,f
125589,ac2g,79280,ac2g,122891,,6939565716289.254,s
7,ac2g,79293,ac2g,0,e,6939565716942.417,f
125589,ac2g,79293,ac2g,122891,,6939565716377.088,s
7,ac2g,79316,ac2g,0,e,6939565716950.768,f
125589,ac2g,79316,ac2g,122891,,6939565716685.745,s
7,ac2g,79351,ac2g,0,e,6939565716953.425,f
125589,ac2g,79351,ac2g,122891,,6939565716853.26,s
7,ac2g,79353,ac2g,0,e,6939565716957.169,f
125589,ac2g,79353,ac2g,122891,,6939565716875.504,s
7,ac2g,79382,ac2g,0,e,6939565718178.863,f
125589,ac2g,79382,ac2g,122891,,6939565717136.759,s
125589,ac2g,79410,ac2g,122891,e,6939565717346.76,f
7,ac2g,79412,ac2g,0,e,6939565718181.679,f
125589,ac2g,79412,ac2g,122891,,6939565717353.165,s
7,ac2g,79413,ac2g,0,e,6939565718189.71,f
125589,ac2g,79413,ac2g,122891,,6939565717374.491,s
125589,ac2g,79433,ac2g,122891,e,6939565717473.829,f
7,ac2g,79435,ac2g,0,e,6939565718192.526,f
125589,ac2g,79435,ac2g,122891,,6939565717478.045,s
7,ac2g,79447,ac2g,0,e,6939565718199.471,f
125589,ac2g,79447,ac2g,122891,,6939565717607.73,s
125589,ac2g,79503,ac2g,122891,e,6939565718183.882,f
7,ac2g,79510,ac2g,0,e,6939565718834.797,f
125589,ac2g,79510,ac2g,122891,,6939565718261.223,s
7,ac2g,79524,ac2g,0,e,6939565718837.838,f
125589,ac2g,79524,ac2g,122891,,6939565718344.097,s
7,ac2g,79537,ac2g,0,e,6939565718842.094,f
125589,ac2g,79537,ac2g,122891,,6939565718448.096,s
125589,ac2g,79549,ac2g,122891,e,6939565718515.926,f
125589,ac2g,79550,ac2g,122891,e,6939565718524.458,f
7,ac2g,79551,ac2g,0,e,6939565718844.91,f
125589,ac2g,79551,ac2g,122891,,6939565718542.158,s
7,ac2g,79609,ac2g,0,e,6939565720225.739,f
125589,ac2g,79609,ac2g,122891,,6939565719271.021,s
7,ac2g,79616,ac2g,0,e,6939565720228.427,f
125589,ac2g,79616,ac2g,122891,,6939565719340.985,s
7,ac2g,79634,ac2g,0,e,6939565720231.371,f
125589,ac2g,79634,ac2g,122891,,6939565719521.202,s
7,ac2g,79641,ac2g,0,e,6939565720233.771,f
125589,ac2g,79641,ac2g,122891,,6939565719579.408,s
7,ac2g,79648,ac2g,0,e,6939565720236.171,f
125589,ac2g,79648,ac2g,122891,,6939565719648.265,s
7,ac2g,79683,ac2g,0,e,6939565720238.507,f
125589,ac2g,79683,ac2g,122891,,6939565719997.258,s
7,ac2g,79709,ac2g,0,e,6939565721205.738,f
125589,ac2g,79709,ac2g,122891,,6939565720235.07,s
7,ac2g,79711,ac2g,0,e,6939565721216.361,f
125589,ac2g,79711,ac2g,122891,,6939565720258.132,s
7,ac2g,79728,ac2g,0,e,6939565721220.074,f
125589,ac2g,79728,ac2g,122891,,6939565720356.079,s
7,ac2g,79741,ac2g,0,e,6939565721229.001,f
125589,ac2g,79741,ac2g,122891,,6939565720448.798,s
125589,ac2g,79777,ac2g,122891,e,6939565720772.482,f
7,ac2g,79779,ac2g,0,e,6939565721237.769,f
125589,ac2g,79779,ac2g,122891,,6939565720778.634,s
7,ac2g,79780,ac2g,0,e,6939565721245.77,f
125589,ac2g,79780,ac2g,122891,,6939565720798.82,s
125589,ac2g,79800,ac2g,122891,e,6939565720893.547,f
7,ac2g,79802,ac2g,0,e,6939565721248.522,f
125589,ac2g,79802,ac2g,122891,,6939565720897.258,s
7,ac2g,79814,ac2g,0,e,6939565721255.305,f
125589,ac2g,79814,ac2g,122891,,6939565720981.394,s
7,ac2g,79829,ac2g,0,e,6939565721262.121,f
125589,ac2g,79829,ac2g,122891,,6939565721176.597,s
7,ac2g,79846,ac2g,0,e,6939565721572.265,f
125589,ac2g,79846,ac2g,122891,,6939565721310.082,s
7,ac2g,79865,ac2g,0,e,6939565721575.433,f
125589,ac2g,79865,ac2g,122891,,6939565721483.558,s
7,ac2g,79902,ac2g,0,e,6939565721869.704,f
125589,ac2g,79902,ac2g,122891,,6939565721764.178,s
7,ac2g,79904,ac2g,0,e,6939565721873.512,f
125589,ac2g,79904,ac2g,122891,,6939565721788.565,s
7,ac2g,79933,ac2g,0,e,6939565722325.064,f
125589,ac2g,79933,ac2g,122891,,6939565722065.773,s
125589,ac2g,79961,ac2g,122891,e,6939565722231.503,f
7,ac2g,79963,ac2g,0,e,6939565722327.944,f
125589,ac2g,79963,ac2g,122891,,6939565722235.221,s
7,ac2g,79964,ac2g,0,e,6939565722336.328,f
125589,ac2g,79964,ac2g,122891,,6939565722249.724,s
125589,ac2g,79984,ac2g,122891,e,6939565722310.331,f
7,ac2g,79986,ac2g,0,e,6939565722339.144,f
125589,ac2g,79986,ac2g,122891,,6939565722312.489,s
7,ac2g,79998,ac2g,0,e,6939565722548.903,f
125589,ac2g,79998,ac2g,122891,,6939565722370.367,s
125589,ac2g,80054,ac2g,122891,e,6939565722708.299,f
7,ac2g,80061,ac2g,0,e,6939565722848.231,f
125589,ac2g,80061,ac2g,122891,,6939565722741.098,s
7,ac2g,80075,ac2g,0,e,6939565722851.207,f
125589,ac2g,80075,ac2g,122891,,6939565722790.825,s
7,ac2g,80088,ac2g,0,e,6939565723068.327,f
125589,ac2g,80088,ac2g,122891,,6939565722857.58,s
125589,ac2g,80100,ac2g,122891,e,6939565722897.751,f
125589,ac2g,80101,ac2g,122891,e,6939565722901.971,f
7,ac2g,80102,ac2g,0,e,6939565723071.463,f
125589,ac2g,80102,ac2g,122891,,6939565722910.73,s
7,ac2g,80160,ac2g,0,e,6939565723461.35,f
125589,ac2g,80160,ac2g,122891,,6939565723359.579,s
7,ac2g,80167,ac2g,0,e,6939565723463.782,f
125589,ac2g,80167,ac2g,122891,,6939565723401.709,s
7,ac2g,80185,ac2g,0,e,6939565723702.917,f
125589,ac2g,80185,ac2g,122891,,6939565723492.938,s
7,ac2g,80192,ac2g,0,e,6939565723705.541,f
125589,ac2g,80192,ac2g,122891,,6939565723528.087,s
7,ac2g,80199,ac2g,0,e,6939565723708.422,f
125589,ac2g,80199,ac2g,122891,,6939565723570.567,s
7,ac2g,80219,ac2g,0,e,6939565723711.717,f
125589,ac2g,80219,ac2g,122891,,6939565723642.135,s
7,ac2g,80226,ac2g,0,e,6939565723713.701,f
125589,ac2g,80226,ac2g,122891,,6939565723676.017,s
7,ac2g,80233,ac2g,0,e,6939565723916.709,f
125589,ac2g,80233,ac2g,122891,,6939565723712.421,s
7,ac2g,80268,ac2g,0,e,6939565724132.421,f
125589,ac2g,80268,ac2g,122891,,6939565723913.727,s
7,ac2g,80294,ac2g,0,e,6939565724136.165,f
125589,ac2g,80294,ac2g,122891,,6939565724060.755,s
7,ac2g,80296,ac2g,0,e,6939565724150.501,f
125589,ac2g,80296,ac2g,122891,,6939565724076.357,s
7,ac2g,80313,ac2g,0,e,6939565724154.053,f
125589,ac2g,80313,ac2g,122891,,6939565724140.232,s
7,ac2g,80326,ac2g,0,e,6939565724776.164,f
125589,ac2g,80326,ac2g,122891,,6939565724197.159,s
7,ac2g,80349,ac2g,0,e,6939565724786.852,f
125589,ac2g,80349,ac2g,122891,,6939565724389.635,s
7,ac2g,80384,ac2g,0,e,6939565724789.764,f
125589,ac2g,80384,ac2g,122891,,6939565724492.282,s
7,ac2g,80386,ac2g,0,e,6939565724793.38,f
125589,ac2g,80386,ac2g,122891,,6939565724508.111,s
7,ac2g,80415,ac2g,0,e,6939565724798.532,f
125589,ac2g,80415,ac2g,122891,,6939565724669.718,s
125589,ac2g,80440,ac2g,122891,e,6939565724790.701,f
7,ac2g,80441,ac2g,0,e,6939565725266.595,f
125589,ac2g,80441,ac2g,122891,,6939565724795.138,s
7,ac2g,80443,ac2g,0,e,6939565725284.803,f
125589,ac2g,80443,ac2g,122891,,6939565724810.327,s
7,ac2g,80460,ac2g,0,e,6939565725288.707,f
125589,ac2g,80460,ac2g,122891,,6939565724866.168,s
7,ac2g,80473,ac2g,0,e,6939565725303.395,f
125589,ac2g,80473,ac2g,122891,,6939565724921.803,s
7,ac2g,80506,ac2g,0,e,6939565725312.163,f
125589,ac2g,80506,ac2g,122891,,6939565725131.594,s
7,ac2g,80520,ac2g,0,e,6939565725315.427,f
125589,ac2g,80520,ac2g,122891,,6939565725201.007,s
7,ac2g,80545,ac2g,0,e,6939565725768.13,f
125589,ac2g,80545,ac2g,122891,,6939565725320.904,s
7,ac2g,80547,ac2g,0,e,6939565725786.274,f
125589,ac2g,80547,ac2g,122891,,6939565725335.676,s
7,ac2g,80564,ac2g,0,e,6939565725790.402,f
125589,ac2g,80564,ac2g,122891,,6939565725391.956,s
7,ac2g,80577,ac2g,0,e,6939565725805.986,f
125589,ac2g,80577,ac2g,122891,,6939565725445.327,s
7,ac2g,80600,ac2g,0,e,6939565725814.402,f
125589,ac2g,80600,ac2g,122891,,6939565725645.627,s
7,ac2g,80635,ac2g,0,e,6939565725816.866,f
125589,ac2g,80635,ac2g,122891,,6939565725749.831,s
7,ac2g,80637,ac2g,0,e,6939565725820.642,f
125589,ac2g,80637,ac2g,122891,,6939565725764.855,s
7,ac2g,80666,ac2g,0,e,6939565726043.874,f
125589,ac2g,80666,ac2g,122891,,6939565725919.743,s
125589,ac2g,80694,ac2g,122891,e,6939565726051.591,f
7,ac2g,80696,ac2g,0,e,6939565726258.625,f
125589,ac2g,80696,ac2g,122891,,6939565726055.471,s
7,ac2g,80697,ac2g,0,e,6939565726266.561,f
125589,ac2g,80697,ac2g,122891,,6939565726070.154,s
125589,ac2g,80717,ac2g,122891,e,6939565726131.455,f
7,ac2g,80719,ac2g,0,e,6939565726269.697,f
125589,ac2g,80719,ac2g,122891,,6939565726133.36,s
7,ac2g,80731,ac2g,0,e,6939565726276.897,f
125589,ac2g,80731,ac2g,122891,,6939565726181.75,s
125589,ac2g,80787,ac2g,122891,e,6939565726463.351,f
7,ac2g,80794,ac2g,0,e,6939565726614.209,f
125589,ac2g,80794,ac2g,122891,,6939565726489.099,s
7,ac2g,80808,ac2g,0,e,6939565726617.345,f
125589,ac2g,80808,ac2g,122891,,6939565726531.476,s
7,ac2g,80821,ac2g,0,e,6939565726621.633,f
125589,ac2g,80821,ac2g,122891,,6939565726585.485,s
125589,ac2g,80833,ac2g,122891,e,6939565726620.812,f
125589,ac2g,80834,ac2g,122891,e,6939565726624.301,f
7,ac2g,80835,ac2g,0,e,6939565726804.993,f
125589,ac2g,80835,ac2g,122891,,6939565726631.804,s
7,ac2g,80893,ac2g,0,e,6939565727095.552,f
125589,ac2g,80893,ac2g,122891,,6939565726998.042,s
7,ac2g,80900,ac2g,0,e,6939565727097.984,f
125589,ac2g,80900,ac2g,122891,,6939565727034.067,s
7,ac2g,80918,ac2g,0,e,6939565727320.128,f
125589,ac2g,80918,ac2g,122891,,6939565727111.801,s
7,ac2g,80925,ac2g,0,e,6939565727322.784,f
125589,ac2g,80925,ac2g,122891,,6939565727142.15,s
7,ac2g,80932,ac2g,0,e,6939565727325.728,f
125589,ac2g,80932,ac2g,122891,,6939565727178.948,s
7,ac2g,80967,ac2g,0,e,6939565727919.583,f
125589,ac2g,80967,ac2g,122891,,6939565727353.745,s
7,ac2g,80993,ac2g,0,e,6939565727923.231,f
125589,ac2g,80993,ac2g,122891,,6939565727477.495,s
7,ac2g,80995,ac2g,0,e,6939565727934.302,f
125589,ac2g,80995,ac2g,122891,,6939565727491.298,s
7,ac2g,81012,ac2g,0,e,6939565727937.439,f
125589,ac2g,81012,ac2g,122891,,6939565727541.014,s
7,ac2g,81025,ac2g,0,e,6939565727946.431,f
125589,ac2g,81025,ac2g,122891,,6939565727592.064,s
7,ac2g,81044,ac2g,0,e,6939565727955.038,f
125589,ac2g,81044,ac2g,122891,,6939565727698.74,s
125589,ac2g,81074,ac2g,122891,e,6939565727801.001,f
7,ac2g,81076,ac2g,0,e,6939565727957.695,f
125589,ac2g,81076,ac2g,122891,,6939565727804.424,s
7,ac2g,81077,ac2g,0,e,6939565727965.342,f
125589,ac2g,81077,ac2g,122891,,6939565727817.316,s
125589,ac2g,81097,ac2g,122891,e,6939565727868.735,f
7,ac2g,81099,ac2g,0,e,6939565727968.159,f
125589,ac2g,81099,ac2g,122891,,6939565727870.549,s
7,ac2g,81111,ac2g,0,e,6939565727974.942,f
125589,ac2g,81111,ac2g,122891,,6939565727914.646,s
7,ac2g,81126,ac2g,0,e,6939565728348.766,f
125589,ac2g,81126,ac2g,122891,,6939565728014.844,s
7,ac2g,81143,ac2g,0,e,6939565728351.742,f
125589,ac2g,81143,ac2g,122891,,6939565728077.94,s
7,ac2g,81162,ac2g,0,e,6939565728355.006,f
125589,ac2g,81162,ac2g,122891,,6939565728174.056,s
7,ac2g,81199,ac2g,0,e,6939565728366.686,f
125589,ac2g,81199,ac2g,122891,,6939565728275.676,s
7,ac2g,81201,ac2g,0,e,6939565728370.334,f
125589,ac2g,81201,ac2g,122891,,6939565728288.195,s
7,ac2g,81230,ac2g,0,e,6939565728693.693,f
125589,ac2g,81230,ac2g,122891,,6939565728401.217,s
125589,ac2g,81258,ac2g,122891,e,6939565728499.378,f
7,ac2g,81260,ac2g,0,e,6939565728696.925,f
125589,ac2g,81260,ac2g,122891,,6939565728502.342,s
7,ac2g,81261,ac2g,0,e,6939565728704.797,f
125589,ac2g,81261,ac2g,122891,,6939565728514.129,s
125589,ac2g,81281,ac2g,122891,e,6939565728559.108,f
7,ac2g,81283,ac2g,0,e,6939565728707.613,f
125589,ac2g,81283,ac2g,122891,,6939565728560.848,s
7,ac2g,81295,ac2g,0,e,6939565728714.366,f
125589,ac2g,81295,ac2g,122891,,6939565728633.98,s
125589,ac2g,81351,ac2g,122891,e,6939565728895.899,f
7,ac2g,81358,ac2g,0,e,6939565729306.428,f
125589,ac2g,81358,ac2g,122891,,6939565728921.174,s
7,ac2g,81372,ac2g,0,e,6939565729309.468,f
125589,ac2g,81372,ac2g,122891,,6939565728964.179,s
7,ac2g,81385,ac2g,0,e,6939565729313.756,f
125589,ac2g,81385,ac2g,122891,,6939565729015.897,s
125589,ac2g,81397,ac2g,122891,e,6939565729049.391,f
125589,ac2g,81398,ac2g,122891,e,6939565729052.375,f
7,ac2g,81399,ac2g,0,e,6939565729316.54,f
125589,ac2g,81399,ac2g,122891,,6939565729059.031,s
7,ac2g,81457,ac2g,0,e,6939565729567.324,f
125589,ac2g,81457,ac2g,122891,,6939565729387.632,s
7,ac2g,81464,ac2g,0,e,6939565729570.012,f
125589,ac2g,81464,ac2g,122891,,6939565729422.406,s
7,ac2g,81482,ac2g,0,e,6939565729572.796,f
125589,ac2g,81482,ac2g,122891,,6939565729496.509,s
7,ac2g,81489,ac2g,0,e,6939565729575.004,f
125589,ac2g,81489,ac2g,122891,,6939565729535.257,s
7,ac2g,81496,ac2g,0,e,6939565729817.979,f
125589,ac2g,81496,ac2g,122891,,6939565729587.956,s
7,ac2g,81516,ac2g,0,e,6939565729821.724,f
125589,ac2g,81516,ac2g,122891,,6939565729646.085,s
7,ac2g,81523,ac2g,0,e,6939565729824.443,f
125589,ac2g,81523,ac2g,122891,,6939565729675.253,s
7,ac2g,81530,ac2g,0,e,6939565729827.1,f
125589,ac2g,81530,ac2g,122891,,6939565729706.163,s
7,ac2g,81565,ac2g,0,e,6939565730043.323,f
125589,ac2g,81565,ac2g,122891,,6939565729863.363,s
7,ac2g,81591,ac2g,0,e,6939565730047.067,f
125589,ac2g,81591,ac2g,122891,,6939565729986.05,s
7,ac2g,81593,ac2g,0,e,6939565730061.915,f
125589,ac2g,81593,ac2g,122891,,6939565730000.664,s
7,ac2g,81610,ac2g,0,e,6939565730065.371,f
125589,ac2g,81610,ac2g,122891,,6939565730047.996,s
7,ac2g,81623,ac2g,0,e,6939565730280.699,f
125589,ac2g,81623,ac2g,122891,,6939565730097.838,s
7,ac2g,81646,ac2g,0,e,6939565730291.547,f
125589,ac2g,81646,ac2g,122891,,6939565730253.422,s
7,ac2g,81681,ac2g,0,e,6939565730500.954,f
125589,ac2g,81681,ac2g,122891,,6939565730335.826,s
7,ac2g,81683,ac2g,0,e,6939565730504.859,f
125589,ac2g,81683,ac2g,122891,,6939565730348.413,s
7,ac2g,81712,ac2g,0,e,6939565730510.395,f
125589,ac2g,81712,ac2g,122891,,6939565730480.198,s
125589,ac2g,81737,ac2g,122891,e,6939565730576.951,f
7,ac2g,81738,ac2g,0,e,6939565730718.202,f
125589,ac2g,81738,ac2g,122891,,6939565730581.005,s
7,ac2g,81740,ac2g,0,e,6939565730736.026,f
125589,ac2g,81740,ac2g,122891,,6939565730594.136,s
7,ac2g,81757,ac2g,0,e,6939565730739.962,f
125589,ac2g,81757,ac2g,122891,,6939565730637.589,s
7,ac2g,81770,ac2g,0,e,6939565730754.49,f
125589,ac2g,81770,ac2g,122891,,6939565730684.295,s
7,ac2g,81803,ac2g,0,e,6939565731220.857,f
125589,ac2g,81803,ac2g,122891,,6939565730854.355,s
7,ac2g,81817,ac2g,0,e,6939565731224.473,f
125589,ac2g,81817,ac2g,122891,,6939565730910.522,s
7,ac2g,81842,ac2g,0,e,6939565731228.921,f
125589,ac2g,81842,ac2g,122891,,6939565731006.502,s
7,ac2g,81844,ac2g,0,e,6939565731246.297,f
125589,ac2g,81844,ac2g,122891,,6939565731018.672,s
7,ac2g,81861,ac2g,0,e,6939565731250.233,f
125589,ac2g,81861,ac2g,122891,,6939565731059.548,s
7,ac2g,81874,ac2g,0,e,6939565731265.337,f
125589,ac2g,81874,ac2g,122891,,6939565731104.277,s
7,ac2g,81897,ac2g,0,e,6939565731273.625,f
125589,ac2g,81897,ac2g,122891,,6939565731243.847,s
7,ac2g,81932,ac2g,0,e,6939565731653.592,f
125589,ac2g,81932,ac2g,122891,,6939565731324.075,s
7,ac2g,81934,ac2g,0,e,6939565731657.72,f
125589,ac2g,81934,ac2g,122891,,6939565731337.201,s
7,ac2g,81963,ac2g,0,e,6939565731663.448,f
125589,ac2g,81963,ac2g,122891,,6939565731459.834,s
125589,ac2g,81991,ac2g,122891,e,6939565731564.687,f
7,ac2g,81993,ac2g,0,e,6939565731665.913,f
125589,ac2g,81993,ac2g,122891,,6939565731568.181,s
7,ac2g,81994,ac2g,0,e,6939565731673.688,f
125589,ac2g,81994,ac2g,122891,,6939565731581.69,s
125589,ac2g,82014,ac2g,122891,e,6939565731628.319,f
7,ac2g,82016,ac2g,0,e,6939565731676.536,f
125589,ac2g,82016,ac2g,122891,,6939565731630.055,s
7,ac2g,82028,ac2g,0,e,6939565732469.687,f
125589,ac2g,82028,ac2g,122891,,6939565731675.994,s
125589,ac2g,82084,ac2g,122891,e,6939565731926.281,f
7,ac2g,82091,ac2g,0,e,6939565732480.311,f
125589,ac2g,82091,ac2g,122891,,6939565731950.472,s
7,ac2g,82105,ac2g,0,e,6939565732483.575,f
125589,ac2g,82105,ac2g,122891,,6939565731991.045,s
7,ac2g,82118,ac2g,0,e,6939565732487.671,f
125589,ac2g,82118,ac2g,122891,,6939565732040.693,s
125589,ac2g,82130,ac2g,122891,e,6939565732074.833,f
125589,ac2g,82131,ac2g,122891,e,6939565732077.888,f
7,ac2g,82132,ac2g,0,e,6939565732490.487,f
125589,ac2g,82132,ac2g,122891,,6939565732084.849,s
7,ac2g,82190,ac2g,0,e,6939565732528.407,f
125589,ac2g,82190,ac2g,122891,,6939565732405.144,s
7,ac2g,82197,ac2g,0,e,6939565732530.263,f
125589,ac2g,82197,ac2g,122891,,6939565732441.579,s
7,ac2g,82215,ac2g,0,e,6939565732532.407,f
125589,ac2g,82215,ac2g,122891,,6939565732517.776,s
7,ac2g,82222,ac2g,0,e,6939565732735.863,f
125589,ac2g,82222,ac2g,122891,,6939565732545.705,s
7,ac2g,82229,ac2g,0,e,6939565732738.615,f
125589,ac2g,82229,ac2g,122891,,6939565732580.975,s
7,ac2g,82264,ac2g,0,e,6939565732980.886,f
125589,ac2g,82264,ac2g,122891,,6939565732737.353,s
7,ac2g,82290,ac2g,0,e,6939565732984.79,f
125589,ac2g,82290,ac2g,122891,,6939565732855.81,s
7,ac2g,82292,ac2g,0,e,6939565732995.99,f
125589,ac2g,82292,ac2g,122891,,6939565732870.307,s
7,ac2g,82309,ac2g,0,e,6939565732999.286,f
125589,ac2g,82309,ac2g,122891,,6939565732916.047,s
7,ac2g,82322,ac2g,0,e,6939565733008.31,f
125589,ac2g,82322,ac2g,122891,,6939565732965.885,s
7,ac2g,82337,ac2g,0,e,6939565733238.71,f
125589,ac2g,82337,ac2g,122891,,6939565733055.557,s
125589,ac2g,82367,ac2g,122891,e,6939565733150.419,f
7,ac2g,82369,ac2g,0,e,6939565733241.59,f
125589,ac2g,82369,ac2g,122891,,6939565733153.774,s
7,ac2g,82370,ac2g,0,e,6939565733249.558,f
125589,ac2g,82370,ac2g,122891,,6939565733166.333,s
125589,ac2g,82390,ac2g,122891,e,6939565733212.645,f
7,ac2g,82392,ac2g,0,e,6939565733252.342,f
125589,ac2g,82392,ac2g,122891,,6939565733214.385,s
7,ac2g,82404,ac2g,0,e,6939565733477.814,f
125589,ac2g,82404,ac2g,122891,,6939565733279.338,s
7,ac2g,82419,ac2g,0,e,6939565733488.565,f
125589,ac2g,82419,ac2g,122891,,6939565733379.849,s
7,ac2g,82436,ac2g,0,e,6939565733491.51,f
125589,ac2g,82436,ac2g,122891,,6939565733440.234,s
7,ac2g,82455,ac2g,0,e,6939565733689.877,f
125589,ac2g,82455,ac2g,122891,,6939565733525.198,s
7,ac2g,82492,ac2g,0,e,6939565733701.909,f
125589,ac2g,82492,ac2g,122891,,6939565733677.508,s
7,ac2g,82494,ac2g,0,e,6939565733706.133,f
125589,ac2g,82494,ac2g,122891,,6939565733692.011,s
7,ac2g,82523,ac2g,0,e,6939565733924.981,f
125589,ac2g,82523,ac2g,122891,,6939565733823.552,s
125589,ac2g,82551,ac2g,122891,e,6939565733937.082,f
7,ac2g,82553,ac2g,0,e,6939565734381.844,f
125589,ac2g,82553,ac2g,122891,,6939565733940.465,s
7,ac2g,82554,ac2g,0,e,6939565734389.524,f
125589,ac2g,82554,ac2g,122891,,6939565733953.754,s
125589,ac2g,82574,ac2g,122891,e,6939565734003.78,f
7,ac2g,82576,ac2g,0,e,6939565734392.628,f
125589,ac2g,82576,ac2g,122891,,6939565734005.501,s
7,ac2g,82588,ac2g,0,e,6939565734399.38,f
125589,ac2g,82588,ac2g,122891,,6939565734052.351,s
125589,ac2g,82644,ac2g,122891,e,6939565734279.53,f
7,ac2g,82651,ac2g,0,e,6939565734408.116,f
125589,ac2g,82651,ac2g,122891,,6939565734300.677,s
7,ac2g,82665,ac2g,0,e,6939565734410.324,f
125589,ac2g,82665,ac2g,122891,,6939565734337.931,s
7,ac2g,82678,ac2g,0,e,6939565734414.452,f
125589,ac2g,82678,ac2g,122891,,6939565734382.58,s
125589,ac2g,82690,ac2g,122891,e,6939565734411.958,f
125589,ac2g,82691,ac2g,122891,e,6939565734414.688,f
7,ac2g,82692,ac2g,0,e,6939565735121.427,f
125589,ac2g,82692,ac2g,122891,,6939565734420.513,s
7,ac2g,82750,ac2g,0,e,6939565735158.995,f
125589,ac2g,82750,ac2g,122891,,6939565734703.059,s
7,ac2g,82757,ac2g,0,e,6939565735161.427,f
125589,ac2g,82757,ac2g,122891,,6939565734734.428,s
7,ac2g,82775,ac2g,0,e,6939565735163.507,f
125589,ac2g,82775,ac2g,122891,,6939565734798.17,s
7,ac2g,82782,ac2g,0,e,6939565735165.491,f
125589,ac2g,82782,ac2g,122891,,6939565734822.331,s
7,ac2g,82789,ac2g,0,e,6939565735167.603,f
125589,ac2g,82789,ac2g,122891,,6939565734853.599,s
7,ac2g,82809,ac2g,0,e,6939565735170.067,f
125589,ac2g,82809,ac2g,122891,,6939565734902.884,s
7,ac2g,82816,ac2g,0,e,6939565735172.051,f
125589,ac2g,82816,ac2g,122891,,6939565734927.119,s
7,ac2g,82823,ac2g,0,e,6939565735174.195,f
125589,ac2g,82823,ac2g,122891,,6939565734953.447,s
7,ac2g,82858,ac2g,0,e,6939565735176.691,f
125589,ac2g,82858,ac2g,122891,,6939565735086.394,s
7,ac2g,82884,ac2g,0,e,6939565735600.786,f
125589,ac2g,82884,ac2g,122891,,6939565735191.895,s
7,ac2g,82886,ac2g,0,e,6939565735615.25,f
125589,ac2g,82886,ac2g,122891,,6939565735204.272,s
7,ac2g,82903,ac2g,0,e,6939565735619.186,f
125589,ac2g,82903,ac2g,122891,,6939565735246.354,s
7,ac2g,82916,ac2g,0,e,6939565735632.722,f
125589,ac2g,82916,ac2g,122891,,6939565735290.36,s
7,ac2g,82939,ac2g,0,e,6939565735641.266,f
125589,ac2g,82939,ac2g,122891,,6939565735424.954,s
7,ac2g,82974,ac2g,0,e,6939565735643.89,f
125589,ac2g,82974,ac2g,122891,,6939565735498.455,s
7,ac2g,82976,ac2g,0,e,6939565735647.506,f
125589,ac2g,82976,ac2g,122891,,6939565735510.617,s
7,ac2g,83005,ac2g,0,e,6939565735652.85,f
125589,ac2g,83005,ac2g,122891,,6939565735620.002,s
125589,ac2g,83030,ac2g,122891,e,6939565735705.623,f
7,ac2g,83031,ac2g,0,e,6939565736310.609,f
125589,ac2g,83031,ac2g,122891,,6939565735709.505,s
7,ac2g,83033,ac2g,0,e,6939565736328.433,f
125589,ac2g,83033,ac2g,122891,,6939565735721.757,s
7,ac2g,83050,ac2g,0,e,6939565736332.401,f
125589,ac2g,83050,ac2g,122891,,6939565735759.795,s
7,ac2g,83063,ac2g,0,e,6939565736347.249,f
125589,ac2g,83063,ac2g,122891,,6939565735799.769,s
7,ac2g,83096,ac2g,0,e,6939565736356.017,f
125589,ac2g,83096,ac2g,122891,,6939565735945.777,s
7,ac2g,83110,ac2g,0,e,6939565736359.313,f
125589,ac2g,83110,ac2g,122891,,6939565735995.79,s
7,ac2g,83135,ac2g,0,e,6939565736363.089,f
125589,ac2g,83135,ac2g,122891,,6939565736079.163,s
7,ac2g,83137,ac2g,0,e,6939565736379.057,f
125589,ac2g,83137,ac2g,122891,,6939565736090.764,s
7,ac2g,83154,ac2g,0,e,6939565736383.025,f
125589,ac2g,83154,ac2g,122891,,6939565736126.606,s
7,ac2g,83167,ac2g,0,e,6939565736398.737,f
125589,ac2g,83167,ac2g,122891,,6939565736163.942,s
7,ac2g,83190,ac2g,0,e,6939565736406.513,f
125589,ac2g,83190,ac2g,122891,,6939565736285.659,s
7,ac2g,83225,ac2g,0,e,6939565736409.169,f
125589,ac2g,83225,ac2g,122891,,6939565736359.592,s
7,ac2g,83227,ac2g,0,e,6939565736412.785,f
125589,ac2g,83227,ac2g,122891,,6939565736371.381,s
7,ac2g,83256,ac2g,0,e,6939565736977.616,f
125589,ac2g,83256,ac2g,122891,,6939565736478.637,s
125589,ac2g,83284,ac2g,122891,e,6939565736568.571,f
7,ac2g,83286,ac2g,0,e,6939565736980.592,f
125589,ac2g,83286,ac2g,122891,,6939565736571.784,s
7,ac2g,83287,ac2g,0,e,6939565736988.624,f
125589,ac2g,83287,ac2g,122891,,6939565736583.196,s
125589,ac2g,83307,ac2g,122891,e,6939565736625.624,f
7,ac2g,83309,ac2g,0,e,6939565736991.568,f
125589,ac2g,83309,ac2g,122891,,6939565736627.266,s
7,ac2g,83321,ac2g,0,e,6939565736998.512,f
125589,ac2g,83321,ac2g,122891,,6939565736666.713,s
125589,ac2g,83377,ac2g,122891,e,6939565736884.639,f
7,ac2g,83384,ac2g,0,e,6939565737007.28,f
125589,ac2g,83384,ac2g,122891,,6939565736905.876,s
7,ac2g,83398,ac2g,0,e,6939565737009.424,f
125589,ac2g,83398,ac2g,122891,,6939565736940.869,s
7,ac2g,83411,ac2g,0,e,6939565737013.552,f
125589,ac2g,83411,ac2g,122891,,6939565736986.19,s
125589,ac2g,83423,ac2g,122891,e,6939565737016.078,f
125589,ac2g,83424,ac2g,122891,e,6939565737018.939,f
7,ac2g,83425,ac2g,0,e,6939565737302.799,f
125589,ac2g,83425,ac2g,122891,,6939565737024.736,s
7,ac2g,83483,ac2g,0,e,6939565737522.159,f
125589,ac2g,83483,ac2g,122891,,6939565737301.099,s
7,ac2g,83490,ac2g,0,e,6939565737524.495,f
125589,ac2g,83490,ac2g,122891,,6939565737331.658,s
7,ac2g,83508,ac2g,0,e,6939565737526.671,f
125589,ac2g,83508,ac2g,122891,,6939565737397.484,s
7,ac2g,83515,ac2g,0,e,6939565737528.623,f
125589,ac2g,83515,ac2g,122891,,6939565737422.396,s
7,ac2g,83522,ac2g,0,e,6939565737530.767,f
125589,ac2g,83522,ac2g,122891,,6939565737453.586,s
7,ac2g,83557,ac2g,0,e,6939565737740.975,f
125589,ac2g,83557,ac2g,122891,,6939565737632.492,s
7,ac2g,83583,ac2g,0,e,6939565737938.99,f
125589,ac2g,83583,ac2g,122891,,6939565737742.394,s
7,ac2g,83585,ac2g,0,e,6939565737949.614,f
125589,ac2g,83585,ac2g,122891,,6939565737754.725,s
7,ac2g,83602,ac2g,0,e,6939565737953.07,f
125589,ac2g,83602,ac2g,122891,,6939565737795.686,s
7,ac2g,83615,ac2g,0,e,6939565737962.03,f
125589,ac2g,83615,ac2g,122891,,6939565737838.028,s
7,ac2g,83630,ac2g,0,e,6939565737970.638,f
125589,ac2g,83630,ac2g,122891,,6939565737917.259,s
125589,ac2g,83660,ac2g,122891,e,6939565737999.375,f
7,ac2g,83662,ac2g,0,e,6939565738173.326,f
125589,ac2g,83662,ac2g,122891,,6939565738002.409,s
7,ac2g,83663,ac2g,0,e,6939565738181.006,f
125589,ac2g,83663,ac2g,122891,,6939565738012.389,s
125589,ac2g,83683,ac2g,122891,e,6939565738053.347,f
7,ac2g,83685,ac2g,0,e,6939565738184.142,f
125589,ac2g,83685,ac2g,122891,,6939565738054.853,s
7,ac2g,83697,ac2g,0,e,6939565738190.958,f
125589,ac2g,83697,ac2g,122891,,6939565738091.777,s
7,ac2g,83712,ac2g,0,e,6939565738199.534,f
125589,ac2g,83712,ac2g,122891,,6939565738175.185,s
7,ac2g,83729,ac2g,0,e,6939565738239.662,f
125589,ac2g,83729,ac2g,122891,,6939565738228.232,s
7,ac2g,83748,ac2g,0,e,6939565738445.837,f
125589,ac2g,83748,ac2g,122891,,6939565738302.407,s
7,ac2g,83785,ac2g,0,e,6939565738457.422,f
125589,ac2g,83785,ac2g,122891,,6939565738395.243,s
7,ac2g,83787,ac2g,0,e,6939565738461.357,f
125589,ac2g,83787,ac2g,122891,,6939565738407.397,s
7,ac2g,83816,ac2g,0,e,6939565738675.309,f
125589,ac2g,83816,ac2g,122891,,6939565738517.891,s
125589,ac2g,83844,ac2g,122891,e,6939565738612.154,f
7,ac2g,83846,ac2g,0,e,6939565738678.285,f
125589,ac2g,83846,ac2g,122891,,6939565738614.89,s
7,ac2g,83847,ac2g,0,e,6939565738686.221,f
125589,ac2g,83847,ac2g,122891,,6939565738627.267,s
125589,ac2g,83867,ac2g,122891,e,6939565738668.856,f
7,ac2g,83869,ac2g,0,e,6939565738689.037,f
125589,ac2g,83869,ac2g,122891,,6939565738670.415,s
7,ac2g,83881,ac2g,0,e,6939565738879.149,f
125589,ac2g,83881,ac2g,122891,,6939565738709.638,s
125589,ac2g,83937,ac2g,122891,e,6939565738929.665,f
7,ac2g,83944,ac2g,0,e,6939565739176.556,f
125589,ac2g,83944,ac2g,122891,,6939565738952.304,s
7,ac2g,83958,ac2g,0,e,6939565739179.596,f
125589,ac2g,83958,ac2g,122891,,6939565738989.558,s
7,ac2g,83971,ac2g,0,e,6939565739183.884,f
125589,ac2g,83971,ac2g,122891,,6939565739042.419,s
125589,ac2g,83983,ac2g,122891,e,6939565739072.569,f
125589,ac2g,83984,ac2g,122891,e,6939565739075.408,f
7,ac2g,83985,ac2g,0,e,6939565739186.668,f
125589,ac2g,83985,ac2g,122891,,6939565739081.044,s
7,ac2g,84043,ac2g,0,e,6939565739464.908,f
125589,ac2g,84043,ac2g,122891,,6939565739366.35,s
7,ac2g,84050,ac2g,0,e,6939565739467.34,f
125589,ac2g,84050,ac2g,122891,,6939565739398.096,s
7,ac2g,84068,ac2g,0,e,6939565739888.139,f
125589,ac2g,84068,ac2g,122891,,6939565739463.605,s
7,ac2g,84075,ac2g,0,e,6939565739890.827,f
125589,ac2g,84075,ac2g,122891,,6939565739488.94,s
7,ac2g,84082,ac2g,0,e,6939565739893.707,f
125589,ac2g,84082,ac2g,122891,,6939565739520.208,s
7,ac2g,84102,ac2g,0,e,6939565739896.491,f
125589,ac2g,84102,ac2g,122891,,6939565739569.191,s
7,ac2g,84109,ac2g,0,e,6939565739898.731,f
125589,ac2g,84109,ac2g,122891,,6939565739594.24,s
7,ac2g,84116,ac2g,0,e,6939565739901.227,f
125589,ac2g,84116,ac2g,122891,,6939565739620.67,s
7,ac2g,84151,ac2g,0,e,6939565739903.659,f
125589,ac2g,84151,ac2g,122891,,6939565739754.471,s
7,ac2g,84177,ac2g,0,e,6939565739906.795,f
125589,ac2g,84177,ac2g,122891,,6939565739860.896,s
7,ac2g,84179,ac2g,0,e,6939565739920.811,f
125589,ac2g,84179,ac2g,122891,,6939565739874.421,s
7,ac2g,84196,ac2g,0,e,6939565740341.034,f
125589,ac2g,84196,ac2g,122891,,6939565739915.195,s
7,ac2g,84209,ac2g,0,e,6939565740355.498,f
125589,ac2g,84209,ac2g,122891,,6939565739956.963,s
7,ac2g,84232,ac2g,0,e,6939565740363.946,f
125589,ac2g,84232,ac2g,122891,,6939565740087.588,s
7,ac2g,84267,ac2g,0,e,6939565740366.89,f
125589,ac2g,84267,ac2g,122891,,6939565740160.05,s
7,ac2g,84269,ac2g,0,e,6939565740370.506,f
125589,ac2g,84269,ac2g,122891,,6939565740171.596,s
7,ac2g,84298,ac2g,0,e,6939565740375.818,f
125589,ac2g,84298,ac2g,122891,,6939565740281.371,s
125589,ac2g,84323,ac2g,122891,e,6939565740366.67,f
7,ac2g,84324,ac2g,0,e,6939565741256.617,f
125589,ac2g,84324,ac2g,122891,,6939565740370.483,s
7,ac2g,84326,ac2g,0,e,6939565741274.825,f
125589,ac2g,84326,ac2g,122891,,6939565740382.547,s
7,ac2g,84343,ac2g,0,e,6939565741278.729,f
125589,ac2g,84343,ac2g,122891,,6939565740425.508,s
7,ac2g,84356,ac2g,0,e,6939565741293.513,f
125589,ac2g,84356,ac2g,122891,,6939565740466.91,s
7,ac2g,84389,ac2g,0,e,6939565741302.185,f
125589,ac2g,84389,ac2g,122891,,6939565740608.437,s
7,ac2g,84403,ac2g,0,e,6939565741305.449,f
125589,ac2g,84403,ac2g,122891,,6939565740657.08,s
7,ac2g,84428,ac2g,0,e,6939565741309.224,f
125589,ac2g,84428,ac2g,122891,,6939565740739.65,s
7,ac2g,84430,ac2g,0,e,6939565741325.161,f
125589,ac2g,84430,ac2g,122891,,6939565740751.167,s
7,ac2g,84447,ac2g,0,e,6939565741329.609,f
125589,ac2g,84447,ac2g,122891,,6939565740787.772,s
7,ac2g,84460,ac2g,0,e,6939565741344.169,f
125589,ac2g,84460,ac2g,122891,,6939565740824.909,s
7,ac2g,84483,ac2g,0,e,6939565741351.945,f
125589,ac2g,84483,ac2g,122891,,6939565740949.599,s
7,ac2g,84518,ac2g,0,e,6939565741354.537,f
125589,ac2g,84518,ac2g,122891,,6939565741022.764,s
7,ac2g,84520,ac2g,0,e,6939565741358.345,f
125589,ac2g,84520,ac2g,122891,,6939565741033.996,s
7,ac2g,84549,ac2g,0,e,6939565741363.528,f
125589,ac2g,84549,ac2g,122891,,6939565741141.743,s
125589,ac2g,84577,ac2g,122891,e,6939565741232.797,f
7,ac2g,84579,ac2g,0,e,6939565741366.025,f
125589,ac2g,84579,ac2g,122891,,6939565741236.034,s
7,ac2g,84580,ac2g,0,e,6939565741373.832,f
125589,ac2g,84580,ac2g,122891,,6939565741247.843,s
125589,ac2g,84600,ac2g,122891,e,6939565741289.776,f
7,ac2g,84602,ac2g,0,e,6939565741376.489,f
125589,ac2g,84602,ac2g,122891,,6939565741291.469,s
7,ac2g,84614,ac2g,0,e,6939565741383.432,f
125589,ac2g,84614,ac2g,122891,,6939565741330.092,s
125589,ac2g,84670,ac2g,122891,e,6939565741550.676,f
7,ac2g,84677,ac2g,0,e,6939565742708.903,f
125589,ac2g,84677,ac2g,122891,,6939565741587.742,s
7,ac2g,84691,ac2g,0,e,6939565742711.942,f
125589,ac2g,84691,ac2g,122891,,6939565741624.471,s
7,ac2g,84704,ac2g,0,e,6939565742716.23,f
125589,ac2g,84704,ac2g,122891,,6939565741668.591,s
125589,ac2g,84716,ac2g,122891,e,6939565741698.95,f
125589,ac2g,84717,ac2g,122891,e,6939565741701.841,f
7,ac2g,84718,ac2g,0,e,6939565742719.014,f
125589,ac2g,84718,ac2g,122891,,6939565741707.906,s
7,ac2g,84776,ac2g,0,e,6939565742756.71,f
125589,ac2g,84776,ac2g,122891,,6939565742008.712,s
7,ac2g,84783,ac2g,0,e,6939565742758.534,f
125589,ac2g,84783,ac2g,122891,,6939565742040.362,s
7,ac2g,84801,ac2g,0,e,6939565742760.71,f
125589,ac2g,84801,ac2g,122891,,6939565742105.659,s
7,ac2g,84808,ac2g,0,e,6939565742762.918,f
125589,ac2g,84808,ac2g,122891,,6939565742130.863,s
7,ac2g,84815,ac2g,0,e,6939565742765.062,f
125589,ac2g,84815,ac2g,122891,,6939565742162.43,s
7,ac2g,84850,ac2g,0,e,6939565742767.463,f
125589,ac2g,84850,ac2g,122891,,6939565742298.136,s
7,ac2g,84876,ac2g,0,e,6939565742770.438,f
125589,ac2g,84876,ac2g,122891,,6939565742407.928,s
7,ac2g,84878,ac2g,0,e,6939565742780.935,f
125589,ac2g,84878,ac2g,122891,,6939565742420.79,s
7,ac2g,84895,ac2g,0,e,6939565742784.23,f
125589,ac2g,84895,ac2g,122891,,6939565742460.791,s
7,ac2g,84908,ac2g,0,e,6939565742793.542,f
125589,ac2g,84908,ac2g,122891,,6939565742503.965,s
7,ac2g,84923,ac2g,0,e,6939565742802.022,f
125589,ac2g,84923,ac2g,122891,,6939565742608.541,s
125589,ac2g,84953,ac2g,122891,e,6939565742717.348,f
7,ac2g,84955,ac2g,0,e,6939565742804.646,f
125589,ac2g,84955,ac2g,122891,,6939565742721.122,s
7,ac2g,84956,ac2g,0,e,6939565742812.326,f
125589,ac2g,84956,ac2g,122891,,6939565742733.703,s
125589,ac2g,84976,ac2g,122891,e,6939565742787.223,f
7,ac2g,84978,ac2g,0,e,6939565742815.11,f
125589,ac2g,84978,ac2g,122891,,6939565742789.235,s
7,ac2g,84990,ac2g,0,e,6939565744792.035,f
125589,ac2g,84990,ac2g,122891,,6939565742835.796,s
7,ac2g,85005,ac2g,0,e,6939565744802.915,f
125589,ac2g,85005,ac2g,122891,,6939565742937.86,s
7,ac2g,85022,ac2g,0,e,6939565744805.987,f
125589,ac2g,85022,ac2g,122891,,6939565743000.764,s
7,ac2g,85041,ac2g,0,e,6939565744808.931,f
125589,ac2g,85041,ac2g,122891,,6939565743090.797,s
7,ac2g,85078,ac2g,0,e,6939565744821.123,f
125589,ac2g,85078,ac2g,122891,,6939565743206.986,s
7,ac2g,85080,ac2g,0,e,6939565744824.707,f
125589,ac2g,85080,ac2g,122891,,6939565743221.03,s
7,ac2g,85109,ac2g,0,e,6939565744830.083,f
125589,ac2g,85109,ac2g,122891,,6939565743362.037,s
125589,ac2g,85137,ac2g,122891,e,6939565743473.72,f
7,ac2g,85139,ac2g,0,e,6939565744832.707,f
125589,ac2g,85139,ac2g,122891,,6939565743476.348,s
7,ac2g,85140,ac2g,0,e,6939565744840.419,f
125589,ac2g,85140,ac2g,122891,,6939565743489.646,s
125589,ac2g,85160,ac2g,122891,e,6939565743539.162,f
7,ac2g,85162,ac2g,0,e,6939565744843.235,f
125589,ac2g,85162,ac2g,122891,,6939565743540.834,s
7,ac2g,85174,ac2g,0,e,6939565744850.179,f
125589,ac2g,85174,ac2g,122891,,6939565743589.453,s
125589,ac2g,85230,ac2g,122891,e,6939565743875.37,f
7,ac2g,85237,ac2g,0,e,6939565744858.243,f
125589,ac2g,85237,ac2g,122891,,6939565743901.518,s
7,ac2g,85251,ac2g,0,e,6939565744860.707,f
125589,ac2g,85251,ac2g,122891,,6939565743945.404,s
7,ac2g,85264,ac2g,0,e,6939565744864.835,f
125589,ac2g,85264,ac2g,122891,,6939565743999.075,s
125589,ac2g,85276,ac2g,122891,e,6939565744035.096,f
125589,ac2g,85277,ac2g,122891,e,6939565744038.08,f
7,ac2g,85278,ac2g,0,e,6939565744867.651,f
125589,ac2g,85278,ac2g,122891,,6939565744045.767,s
7,ac2g,85336,ac2g,0,e,6939565744905.667,f
125589,ac2g,85336,ac2g,122891,,6939565744405.325,s
7,ac2g,85343,ac2g,0,e,6939565744907.331,f
125589,ac2g,85343,ac2g,122891,,6939565744441.93,s
7,ac2g,85361,ac2g,0,e,6939565744909.475,f
125589,ac2g,85361,ac2g,122891,,6939565744522.48,s
7,ac2g,85368,ac2g,0,e,6939565744911.683,f
125589,ac2g,85368,ac2g,122891,,6939565744553.26,s
7,ac2g,85375,ac2g,0,e,6939565744913.795,f
125589,ac2g,85375,ac2g,122891,,6939565744588.45,s
7,ac2g,85395,ac2g,0,e,6939565744916.259,f
125589,ac2g,85395,ac2g,122891,,6939565744649.463,s
7,ac2g,85402,ac2g,0,e,6939565744918.243,f
125589,ac2g,85402,ac2g,122891,,6939565744678.789,s
7,ac2g,85409,ac2g,0,e,6939565744920.387,f
125589,ac2g,85409,ac2g,122891,,6939565744714.458,s
7,ac2g,85444,ac2g,0,e,6939565744922.883,f
125589,ac2g,85444,ac2g,122891,,6939565744888.179,s
7,ac2g,85470,ac2g,0,e,6939565745141.442,f
125589,ac2g,85470,ac2g,122891,,6939565745012.588,s
7,ac2g,85472,ac2g,0,e,6939565745155.554,f
125589,ac2g,85472,ac2g,122891,,6939565745027.888,s
7,ac2g,85489,ac2g,0,e,6939565745159.331,f
125589,ac2g,85489,ac2g,122891,,6939565745077.168,s
7,ac2g,85502,ac2g,0,e,6939565745172.835,f
125589,ac2g,85502,ac2g,122891,,6939565745127.325,s
7,ac2g,85525,ac2g,0,e,6939565745424.93,f
125589,ac2g,85525,ac2g,122891,,6939565745286.382,s
7,ac2g,85560,ac2g,0,e,6939565745427.81,f
125589,ac2g,85560,ac2g,122891,,6939565745374.143,s
7,ac2g,85562,ac2g,0,e,6939565745431.586,f
125589,ac2g,85562,ac2g,122891,,6939565745387.451,s
7,ac2g,85591,ac2g,0,e,6939565745631.266,f
125589,ac2g,85591,ac2g,122891,,6939565745526.717,s
125589,ac2g,85616,ac2g,122891,e,6939565745667.923,f
7,ac2g,85617,ac2g,0,e,6939565745685.698,f
125589,ac2g,85617,ac2g,122891,,6939565745672.172,s
7,ac2g,85619,ac2g,0,e,6939565745703.778,f
125589,ac2g,85619,ac2g,122891,,6939565745686.57,s
7,ac2g,85636,ac2g,0,e,6939565745945.793,f
125589,ac2g,85636,ac2g,122891,,6939565745735.82,s
7,ac2g,85649,ac2g,0,e,6939565745961.537,f
125589,ac2g,85649,ac2g,122891,,6939565745784.833,s
7,ac2g,85682,ac2g,0,e,6939565746167.713,f
125589,ac2g,85682,ac2g,122891,,6939565745963.686,s
7,ac2g,85696,ac2g,0,e,6939565746171.329,f
125589,ac2g,85696,ac2g,122891,,6939565746023.027,s
7,ac2g,85721,ac2g,0,e,6939565746175.105,f
125589,ac2g,85721,ac2g,122891,,6939565746125.609,s
7,ac2g,85723,ac2g,0,e,6939565746192.481,f
125589,ac2g,85723,ac2g,122891,,6939565746138.278,s
7,ac2g,85740,ac2g,0,e,6939565746196.897,f
125589,ac2g,85740,ac2g,122891,,6939565746183.316,s
7,ac2g,85753,ac2g,0,e,6939565746426.112,f
125589,ac2g,85753,ac2g,122891,,6939565746229.848,s
7,ac2g,85776,ac2g,0,e,6939565746436.288,f
125589,ac2g,85776,ac2g,122891,,6939565746379.572,s
7,ac2g,85811,ac2g,0,e,6939565746883.647,f
125589,ac2g,85811,ac2g,122891,,6939565746465.816,s
7,ac2g,85813,ac2g,0,e,6939565746887.552,f
125589,ac2g,85813,ac2g,122891,,6939565746478.853,s
7,ac2g,85842,ac2g,0,e,6939565746893.088,f
125589,ac2g,85842,ac2g,122891,,6939565746612.553,s
125589,ac2g,85870,ac2g,122891,e,6939565746721.605,f
7,ac2g,85872,ac2g,0,e,6939565746895.712,f
125589,ac2g,85872,ac2g,122891,,6939565746725.107,s
7,ac2g,85873,ac2g,0,e,6939565746903.68,f
125589,ac2g,85873,ac2g,122891,,6939565746737.975,s
125589,ac2g,85893,ac2g,122891,e,6939565746787.913,f
7,ac2g,85895,ac2g,0,e,6939565746906.527,f
125589,ac2g,85895,ac2g,122891,,6939565746789.832,s
7,ac2g,85907,ac2g,0,e,6939565746913.696,f
125589,ac2g,85907,ac2g,122891,,6939565746860.811,s
125589,ac2g,85963,ac2g,122891,e,6939565747151.023,f
7,ac2g,85970,ac2g,0,e,6939565747275.455,f
125589,ac2g,85970,ac2g,122891,,6939565747176.893,s
7,ac2g,85984,ac2g,0,e,6939565747278.431,f
125589,ac2g,85984,ac2g,122891,,6939565747220.146,s
7,ac2g,85997,ac2g,0,e,6939565748631.741,f
125589,ac2g,85997,ac2g,122891,,6939565747274.052,s
125589,ac2g,86009,ac2g,122891,e,6939565747308.075,f
125589,ac2g,86010,ac2g,122891,e,6939565747311.341,f
7,ac2g,86011,ac2g,0,e,6939565748634.877,f
125589,ac2g,86011,ac2g,122891,,6939565747318.751,s
7,ac2g,86069,ac2g,0,e,6939565748672.925,f
125589,ac2g,86069,ac2g,122891,,6939565747673.956,s
7,ac2g,86076,ac2g,0,e,6939565748674.972,f
125589,ac2g,86076,ac2g,122891,,6939565747708.721,s
7,ac2g,86094,ac2g,0,e,6939565748677.116,f
125589,ac2g,86094,ac2g,122891,,6939565747786.241,s
7,ac2g,86101,ac2g,0,e,6939565748679.101,f
125589,ac2g,86101,ac2g,122891,,6939565747815.334,s
7,ac2g,86108,ac2g,0,e,6939565748681.245,f
125589,ac2g,86108,ac2g,122891,,6939565747851.436,s
7,ac2g,86143,ac2g,0,e,6939565748683.581,f
125589,ac2g,86143,ac2g,122891,,6939565748021.765,s
7,ac2g,86169,ac2g,0,e,6939565748686.524,f
125589,ac2g,86169,ac2g,122891,,6939565748144.543,s
7,ac2g,86171,ac2g,0,e,6939565748696.893,f
125589,ac2g,86171,ac2g,122891,,6939565748158.411,s
7,ac2g,86188,ac2g,0,e,6939565748700.669,f
125589,ac2g,86188,ac2g,122891,,6939565748206.61,s
7,ac2g,86201,ac2g,0,e,6939565748709.661,f
125589,ac2g,86201,ac2g,122891,,6939565748255.669,s
7,ac2g,86216,ac2g,0,e,6939565748718.269,f
125589,ac2g,86216,ac2g,122891,,6939565748357.564,s
125589,ac2g,86246,ac2g,122891,e,6939565748458.814,f
7,ac2g,86248,ac2g,0,e,6939565748720.924,f
125589,ac2g,86248,ac2g,122891,,6939565748462.236,s
7,ac2g,86249,ac2g,0,e,6939565748728.765,f
125589,ac2g,86249,ac2g,122891,,6939565748475.299,s
125589,ac2g,86269,ac2g,122891,e,6939565748526.291,f
7,ac2g,86271,ac2g,0,e,6939565748731.517,f
125589,ac2g,86271,ac2g,122891,,6939565748528.098,s
7,ac2g,86283,ac2g,0,e,6939565748738.397,f
125589,ac2g,86283,ac2g,122891,,6939565748571.814,s
7,ac2g,86298,ac2g,0,e,6939565748745.053,f
125589,ac2g,86298,ac2g,122891,,6939565748667.767,s
7,ac2g,86315,ac2g,0,e,6939565748747.644,f
125589,ac2g,86315,ac2g,122891,,6939565748729.809,s
7,ac2g,86334,ac2g,0,e,6939565749010.396,f
125589,ac2g,86334,ac2g,122891,,6939565748820.934,s
7,ac2g,86371,ac2g,0,e,6939565749022.172,f
125589,ac2g,86371,ac2g,122891,,6939565748936.437,s
7,ac2g,86373,ac2g,0,e,6939565749026.396,f
125589,ac2g,86373,ac2g,122891,,6939565748950.171,s
7,ac2g,86402,ac2g,0,e,6939565749252.508,f
125589,ac2g,86402,ac2g,122891,,6939565749088.888,s
125589,ac2g,86430,ac2g,122891,e,6939565749201.462,f
7,ac2g,86432,ac2g,0,e,6939565749255.324,f
125589,ac2g,86432,ac2g,122891,,6939565749204.408,s
7,ac2g,86433,ac2g,0,e,6939565749263.356,f
125589,ac2g,86433,ac2g,122891,,6939565749217.068,s
125589,ac2g,86453,ac2g,122891,e,6939565749267.276,f
7,ac2g,86455,ac2g,0,e,6939565749280.348,f
125589,ac2g,86455,ac2g,122891,,6939565749268.979,s
7,ac2g,86467,ac2g,0,e,6939565749328.636,f
125589,ac2g,86467,ac2g,122891,,6939565749316.414,s
125589,ac2g,86523,ac2g,122891,e,6939565749620.59,f
7,ac2g,86530,ac2g,0,e,6939565749747.387,f
125589,ac2g,86530,ac2g,122891,,6939565749647.26,s
7,ac2g,86544,ac2g,0,e,6939565749750.235,f
125589,ac2g,86544,ac2g,122891,,6939565749691.711,s
7,ac2g,86557,ac2g,0,e,6939565749962.811,f
125589,ac2g,86557,ac2g,122891,,6939565749746.446,s
125589,ac2g,86569,ac2g,122891,e,6939565749783.674,f
125589,ac2g,86570,ac2g,122891,e,6939565749786.833,f
7,ac2g,86571,ac2g,0,e,6939565749965.947,f
125589,ac2g,86571,ac2g,122891,,6939565749794.28,s
7,ac2g,86629,ac2g,0,e,6939565750459.13,f
125589,ac2g,86629,ac2g,122891,,6939565750155.348,s
7,ac2g,86636,ac2g,0,e,6939565750461.818,f
125589,ac2g,86636,ac2g,122891,,6939565750191.315,s
7,ac2g,86654,ac2g,0,e,6939565750464.602,f
125589,ac2g,86654,ac2g,122891,,6939565750269.026,s
7,ac2g,86661,ac2g,0,e,6939565750466.586,f
125589,ac2g,86661,ac2g,122891,,6939565750298.694,s
7,ac2g,86668,ac2g,0,e,6939565750469.081,f
125589,ac2g,86668,ac2g,122891,,6939565750334.484,s
7,ac2g,86688,ac2g,0,e,6939565750471.546,f
125589,ac2g,86688,ac2g,122891,,6939565750397.199,s
7,ac2g,86695,ac2g,0,e,6939565750473.53,f
125589,ac2g,86695,ac2g,122891,,6939565750426.566,s
7,ac2g,86702,ac2g,0,e,6939565750476.122,f
125589,ac2g,86702,ac2g,122891,,6939565750458.526,s
7,ac2g,86737,ac2g,0,e,6939565750729.945,f
125589,ac2g,86737,ac2g,122891,,6939565750630.423,s
7,ac2g,86763,ac2g,0,e,6939565751811.224,f
125589,ac2g,86763,ac2g,122891,,6939565750759.644,s
7,ac2g,86765,ac2g,0,e,6939565751825.752,f
125589,ac2g,86765,ac2g,122891,,6939565750774.248,s
7,ac2g,86782,ac2g,0,e,6939565751829.527,f
125589,ac2g,86782,ac2g,122891,,6939565750824.629,s
7,ac2g,86795,ac2g,0,e,6939565751842.263,f
125589,ac2g,86795,ac2g,122891,,6939565750873.822,s
7,ac2g,86818,ac2g,0,e,6939565751850.936,f
125589,ac2g,86818,ac2g,122891,,6939565751034.696,s
7,ac2g,86853,ac2g,0,e,6939565751853.56,f
125589,ac2g,86853,ac2g,122891,,6939565751121.502,s
7,ac2g,86855,ac2g,0,e,6939565751857.144,f
125589,ac2g,86855,ac2g,122891,,6939565751134.716,s
7,ac2g,86896,ac2g,0,e,6939565751862.359,f
125589,ac2g,86896,ac2g,122891,,6939565751272.626,s
7,ac2g,86898,ac2g,0,e,6939565751865.944,f
125589,ac2g,86898,ac2g,122891,,6939565751285.148,s
7,ac2g,86927,ac2g,0,e,6939565751871.159,f
125589,ac2g,86927,ac2g,122891,,6939565751417.034,s
125589,ac2g,86952,ac2g,122891,e,6939565751521.422,f
7,ac2g,86953,ac2g,0,e,6939565751873.624,f
125589,ac2g,86953,ac2g,122891,,6939565751525.271,s
7,ac2g,86955,ac2g,0,e,6939565751890.647,f
125589,ac2g,86955,ac2g,122891,,6939565751538.174,s
7,ac2g,86972,ac2g,0,e,6939565751894.263,f
125589,ac2g,86972,ac2g,122891,,6939565751586.502,s
7,ac2g,86985,ac2g,0,e,6939565751909.399,f
125589,ac2g,86985,ac2g,122891,,6939565751634.107,s
7,ac2g,87018,ac2g,0,e,6939565751916.184,f
125589,ac2g,87018,ac2g,122891,,6939565751835.771,s
7,ac2g,87032,ac2g,0,e,6939565751919.255,f
125589,ac2g,87032,ac2g,122891,,6939565751895.688,s
7,ac2g,87057,ac2g,0,e,6939565752156.727,f
125589,ac2g,87057,ac2g,122891,,6939565752000.403,s
7,ac2g,87059,ac2g,0,e,6939565752174.167,f
125589,ac2g,87059,ac2g,122891,,6939565752013.136,s
7,ac2g,87076,ac2g,0,e,6939565752178.615,f
125589,ac2g,87076,ac2g,122891,,6939565752061.349,s
7,ac2g,87089,ac2g,0,e,6939565752194.519,f
125589,ac2g,87089,ac2g,122891,,6939565752107.463,s
7,ac2g,87112,ac2g,0,e,6939565752431.926,f
125589,ac2g,87112,ac2g,122891,,6939565752257.983,s
7,ac2g,87147,ac2g,0,e,6939565752434.999,f
125589,ac2g,87147,ac2g,122891,,6939565752341.854,s
7,ac2g,87149,ac2g,0,e,6939565752438.774,f
125589,ac2g,87149,ac2g,122891,,6939565752355.502,s
7,ac2g,87178,ac2g,0,e,6939565752660.15,f
125589,ac2g,87178,ac2g,122891,,6939565752493.234,s
125589,ac2g,87206,ac2g,122891,e,6939565752585.996,f
7,ac2g,87208,ac2g,0,e,6939565752663.158,f
125589,ac2g,87208,ac2g,122891,,6939565752589.077,s
7,ac2g,87209,ac2g,0,e,6939565752670.998,f
125589,ac2g,87209,ac2g,122891,,6939565752600.728,s
125589,ac2g,87229,ac2g,122891,e,6939565752642.476,f
7,ac2g,87231,ac2g,0,e,6939565752673.814,f
125589,ac2g,87231,ac2g,122891,,6939565752643.955,s
7,ac2g,87243,ac2g,0,e,6939565752901.974,f
125589,ac2g,87243,ac2g,122891,,6939565752682.223,s
125589,ac2g,87299,ac2g,122891,e,6939565752918.406,f
7,ac2g,87306,ac2g,0,e,6939565753126.262,f
125589,ac2g,87306,ac2g,122891,,6939565752939.911,s
7,ac2g,87320,ac2g,0,e,6939565753129.238,f
125589,ac2g,87320,ac2g,122891,,6939565752975.527,s
7,ac2g,87333,ac2g,0,e,6939565753133.526,f
125589,ac2g,87333,ac2g,122891,,6939565753028.122,s
125589,ac2g,87345,ac2g,122891,e,6939565753058.396,f
125589,ac2g,87346,ac2g,122891,e,6939565753061.245,f
7,ac2g,87347,ac2g,0,e,6939565753136.31,f
125589,ac2g,87347,ac2g,122891,,6939565753067.202,s
7,ac2g,87405,ac2g,0,e,6939565753447.957,f
125589,ac2g,87405,ac2g,122891,,6939565753349.794,s
7,ac2g,87412,ac2g,0,e,6939565753450.389,f
125589,ac2g,87412,ac2g,122891,,6939565753379.797,s
7,ac2g,87430,ac2g,0,e,6939565753806.292,f
125589,ac2g,87430,ac2g,122891,,6939565753442.866,s
7,ac2g,87437,ac2g,0,e,6939565753808.628,f
125589,ac2g,87437,ac2g,122891,,6939565753467.386,s
7,ac2g,87444,ac2g,0,e,6939565753811.412,f
125589,ac2g,87444,ac2g,122891,,6939565753499.494,s
7,ac2g,87464,ac2g,0,e,6939565753814.356,f
125589,ac2g,87464,ac2g,122891,,6939565753552.065,s
7,ac2g,87471,ac2g,0,e,6939565753816.34,f
125589,ac2g,87471,ac2g,122891,,6939565753587.773,s
7,ac2g,87478,ac2g,0,e,6939565753818.676,f
125589,ac2g,87478,ac2g,122891,,6939565753615.21,s
7,ac2g,87513,ac2g,0,e,6939565753821.172,f
125589,ac2g,87513,ac2g,122891,,6939565753755.337,s
7,ac2g,87539,ac2g,0,e,6939565754159.86,f
125589,ac2g,87539,ac2g,122891,,6939565753862.178,s
7,ac2g,87541,ac2g,0,e,6939565754174.356,f
125589,ac2g,87541,ac2g,122891,,6939565753875.022,s
7,ac2g,87558,ac2g,0,e,6939565754178.228,f
125589,ac2g,87558,ac2g,122891,,6939565753916.376,s
7,ac2g,87571,ac2g,0,e,6939565754191.156,f
125589,ac2g,87571,ac2g,122891,,6939565753961.292,s
7,ac2g,87594,ac2g,0,e,6939565754199.7,f
125589,ac2g,87594,ac2g,122891,,6939565754095.798,s
7,ac2g,87629,ac2g,0,e,6939565754202.323,f
125589,ac2g,87629,ac2g,122891,,6939565754171.596,s
7,ac2g,87631,ac2g,0,e,6939565754205.908,f
125589,ac2g,87631,ac2g,122891,,6939565754183.095,s
7,ac2g,87660,ac2g,0,e,6939565756470.928,f
125589,ac2g,87660,ac2g,122891,,6939565754295.256,s
125589,ac2g,87685,ac2g,122891,e,6939565754382.896,f
7,ac2g,87686,ac2g,0,e,6939565756473.936,f
125589,ac2g,87686,ac2g,122891,,6939565754386.397,s
7,ac2g,87688,ac2g,0,e,6939565756491.984,f
125589,ac2g,87688,ac2g,122891,,6939565754398.446,s
7,ac2g,87705,ac2g,0,e,6939565756495.664,f
125589,ac2g,87705,ac2g,122891,,6939565754440.539,s
7,ac2g,87718,ac2g,0,e,6939565756510.448,f
125589,ac2g,87718,ac2g,122891,,6939565754483.279,s
7,ac2g,87751,ac2g,0,e,6939565756519.152,f
125589,ac2g,87751,ac2g,122891,,6939565754631.216,s
7,ac2g,87765,ac2g,0,e,6939565756522.448,f
125589,ac2g,87765,ac2g,122891,,6939565754681.316,s
7,ac2g,87790,ac2g,0,e,6939565756526.224,f
125589,ac2g,87790,ac2g,122891,,6939565754765.606,s
7,ac2g,87792,ac2g,0,e,6939565756542.16,f
125589,ac2g,87792,ac2g,122891,,6939565754777.219,s
7,ac2g,87809,ac2g,0,e,6939565756546.416,f
125589,ac2g,87809,ac2g,122891,,6939565754820.709,s
7,ac2g,87822,ac2g,0,e,6939565756561.136,f
125589,ac2g,87822,ac2g,122891,,6939565754861.614,s
7,ac2g,87845,ac2g,0,e,6939565756568.752,f
125589,ac2g,87845,ac2g,122891,,6939565754984.806,s
7,ac2g,87880,ac2g,0,e,6939565756571.408,f
125589,ac2g,87880,ac2g,122891,,6939565755062.498,s
7,ac2g,87882,ac2g,0,e,6939565756575.152,f
125589,ac2g,87882,ac2g,122891,,6939565755074.094,s
7,ac2g,87911,ac2g,0,e,6939565756580.464,f
125589,ac2g,87911,ac2g,122891,,6939565755182.593,s
125589,ac2g,87939,ac2g,122891,e,6939565755274.864,f
7,ac2g,87941,ac2g,0,e,6939565756582.8,f
125589,ac2g,87941,ac2g,122891,,6939565755278.135,s
7,ac2g,87942,ac2g,0,e,6939565756590.384,f
125589,ac2g,87942,ac2g,122891,,6939565755289.826,s
125589,ac2g,87962,ac2g,122891,e,6939565755337.462,f
7,ac2g,87964,ac2g,0,e,6939565756593.2,f
125589,ac2g,87964,ac2g,122891,,6939565755338.988,s
7,ac2g,87976,ac2g,0,e,6939565756599.984,f
125589,ac2g,87976,ac2g,122891,,6939565755379.66,s
125589,ac2g,88032,ac2g,122891,e,6939565755599.793,f
7,ac2g,88039,ac2g,0,e,6939565756607.76,f
125589,ac2g,88039,ac2g,122891,,6939565755621.288,s
7,ac2g,88053,ac2g,0,e,6939565756609.968,f
125589,ac2g,88053,ac2g,122891,,6939565755657.916,s
7,ac2g,88066,ac2g,0,e,6939565756614.224,f
125589,ac2g,88066,ac2g,122891,,6939565755705.552,s
125589,ac2g,88078,ac2g,122891,e,6939565755734.574,f
125589,ac2g,88079,ac2g,122891,e,6939565755737.447,f
7,ac2g,88080,ac2g,0,e,6939565756617.04,f
125589,ac2g,88080,ac2g,122891,,6939565755743.303,s
7,ac2g,88138,ac2g,0,e,6939565756654.896,f
125589,ac2g,88138,ac2g,122891,,6939565756025.46,s
7,ac2g,88145,ac2g,0,e,6939565756656.72,f
125589,ac2g,88145,ac2g,122891,,6939565756056.248,s
7,ac2g,88163,ac2g,0,e,6939565756658.864,f
125589,ac2g,88163,ac2g,122891,,6939565756160.51,s
7,ac2g,88170,ac2g,0,e,6939565756660.848,f
125589,ac2g,88170,ac2g,122891,,6939565756186.862,s
7,ac2g,88177,ac2g,0,e,6939565756662.96,f
125589,ac2g,88177,ac2g,122891,,6939565756220.299,s
7,ac2g,88197,ac2g,0,e,6939565756665.423,f
125589,ac2g,88197,ac2g,122891,,6939565756273.844,s
7,ac2g,88204,ac2g,0,e,6939565756667.408,f
125589,ac2g,88204,ac2g,122891,,6939565756297.955,s
7,ac2g,88211,ac2g,0,e,6939565756669.552,f
125589,ac2g,88211,ac2g,122891,,6939565756324.77,s
7,ac2g,88246,ac2g,0,e,6939565756672.047,f
125589,ac2g,88246,ac2g,122891,,6939565756462.626,s
7,ac2g,88272,ac2g,0,e,6939565756675.152,f
125589,ac2g,88272,ac2g,122891,,6939565756569.632,s
7,ac2g,88274,ac2g,0,e,6939565756688.911,f
125589,ac2g,88274,ac2g,122891,,6939565756582.227,s
7,ac2g,88291,ac2g,0,e,6939565756693.839,f
125589,ac2g,88291,ac2g,122891,,6939565756622.268,s
7,ac2g,88304,ac2g,0,e,6939565756706.287,f
125589,ac2g,88304,ac2g,122891,,6939565756664.97,s
7,ac2g,88327,ac2g,0,e,6939565756980.751,f
125589,ac2g,88327,ac2g,122891,,6939565756797.044,s
7,ac2g,88362,ac2g,0,e,6939565756983.791,f
125589,ac2g,88362,ac2g,122891,,6939565756872.157,s
7,ac2g,88364,ac2g,0,e,6939565756987.727,f
125589,ac2g,88364,ac2g,122891,,6939565756883.863,s
7,ac2g,88393,ac2g,0,e,6939565757318.287,f
125589,ac2g,88393,ac2g,122891,,6939565756996.378,s
125589,ac2g,88418,ac2g,122891,e,6939565757082.237,f
7,ac2g,88419,ac2g,0,e,6939565757321.039,f
125589,ac2g,88419,ac2g,122891,,6939565757085.664,s
7,ac2g,88421,ac2g,0,e,6939565757339.278,f
125589,ac2g,88421,ac2g,122891,,6939565757097.102,s
7,ac2g,88438,ac2g,0,e,6939565757342.863,f
125589,ac2g,88438,ac2g,122891,,6939565757134.815,s
7,ac2g,88451,ac2g,0,e,6939565757358.126,f
125589,ac2g,88451,ac2g,122891,,6939565757175.767,s
7,ac2g,88484,ac2g,0,e,6939565757366.894,f
125589,ac2g,88484,ac2g,122891,,6939565757323.093,s
7,ac2g,88498,ac2g,0,e,6939565758376.909,f
125589,ac2g,88498,ac2g,122891,,6939565757374.896,s
7,ac2g,88523,ac2g,0,e,6939565758381.645,f
125589,ac2g,88523,ac2g,122891,,6939565757461.468,s
7,ac2g,88525,ac2g,0,e,6939565758399.213,f
125589,ac2g,88525,ac2g,122891,,6939565757473.698,s
7,ac2g,88542,ac2g,0,e,6939565758403.437,f
125589,ac2g,88542,ac2g,122891,,6939565757510.305,s
7,ac2g,88555,ac2g,0,e,6939565758418.637,f
125589,ac2g,88555,ac2g,122891,,6939565757550.666,s
7,ac2g,88578,ac2g,0,e,6939565758426.957,f
125589,ac2g,88578,ac2g,122891,,6939565757718.939,s
7,ac2g,88613,ac2g,0,e,6939565758429.453,f
125589,ac2g,88613,ac2g,122891,,6939565757794.394,s
7,ac2g,88615,ac2g,0,e,6939565758433.517,f
125589,ac2g,88615,ac2g,122891,,6939565757806.557,s
7,ac2g,88644,ac2g,0,e,6939565758438.893,f
125589,ac2g,88644,ac2g,122891,,6939565757915.914,s
125589,ac2g,88672,ac2g,122891,e,6939565758010.444,f
7,ac2g,88674,ac2g,0,e,6939565758441.357,f
125589,ac2g,88674,ac2g,122891,,6939565758013.401,s
7,ac2g,88675,ac2g,0,e,6939565758449.133,f
125589,ac2g,88675,ac2g,122891,,6939565758025.928,s
125589,ac2g,88695,ac2g,122891,e,6939565758079.605,f
7,ac2g,88697,ac2g,0,e,6939565758451.82,f
125589,ac2g,88697,ac2g,122891,,6939565758081.163,s
7,ac2g,88709,ac2g,0,e,6939565758458.733,f
125589,ac2g,88709,ac2g,122891,,6939565758121.63,s
125589,ac2g,88765,ac2g,122891,e,6939565758352.519,f
7,ac2g,88772,ac2g,0,e,6939565758466.156,f
125589,ac2g,88772,ac2g,122891,,6939565758374.336,s
7,ac2g,88786,ac2g,0,e,6939565758468.365,f
125589,ac2g,88786,ac2g,122891,,6939565758411.539,s
7,ac2g,88799,ac2g,0,e,6939565758962.156,f
125589,ac2g,88799,ac2g,122891,,6939565758459.671,s
125589,ac2g,88811,ac2g,122891,e,6939565758489.143,f
125589,ac2g,88812,ac2g,122891,e,6939565758491.869,f
7,ac2g,88813,ac2g,0,e,6939565758965.292,f
125589,ac2g,88813,ac2g,122891,,6939565758497.825,s
7,ac2g,88871,ac2g,0,e,6939565759003.084,f
125589,ac2g,88871,ac2g,122891,,6939565758786.701,s
7,ac2g,88878,ac2g,0,e,6939565759005.196,f
125589,ac2g,88878,ac2g,122891,,6939565758817.254,s
7,ac2g,88896,ac2g,0,e,6939565759007.34,f
125589,ac2g,88896,ac2g,122891,,6939565758881.234,s
7,ac2g,88903,ac2g,0,e,6939565759009.292,f
125589,ac2g,88903,ac2g,122891,,6939565758907.783,s
7,ac2g,88910,ac2g,0,e,6939565759011.436,f
125589,ac2g,88910,ac2g,122891,,6939565758942.027,s
7,ac2g,88930,ac2g,0,e,6939565759013.9,f
125589,ac2g,88930,ac2g,122891,,6939565758992.11,s
7,ac2g,88937,ac2g,0,e,6939565759029.1,f
125589,ac2g,88937,ac2g,122891,,6939565759016.323,s
7,ac2g,88944,ac2g,0,e,6939565759258.475,f
125589,ac2g,88944,ac2g,122891,,6939565759042.103,s
7,ac2g,88979,ac2g,0,e,6939565759262.252,f
125589,ac2g,88979,ac2g,122891,,6939565759180.185,s
7,ac2g,89005,ac2g,0,e,6939565759596.331,f
125589,ac2g,89005,ac2g,122891,,6939565759286.94,s
7,ac2g,89007,ac2g,0,e,6939565759610.763,f
125589,ac2g,89007,ac2g,122891,,6939565759299.763,s
7,ac2g,89024,ac2g,0,e,6939565759614.731,f
125589,ac2g,89024,ac2g,122891,,6939565759368.8,s
7,ac2g,89037,ac2g,0,e,6939565759627.627,f
125589,ac2g,89037,ac2g,122891,,6939565759411.175,s
7,ac2g,89060,ac2g,0,e,6939565759635.883,f
125589,ac2g,89060,ac2g,122891,,6939565759545.416,s
7,ac2g,89095,ac2g,0,e,6939565759638.507,f
125589,ac2g,89095,ac2g,122891,,6939565759620.864,s
7,ac2g,89097,ac2g,0,e,6939565759848.81,f
125589,ac2g,89097,ac2g,122891,,6939565759633.081,s
7,ac2g,89126,ac2g,0,e,6939565759857.77,f
125589,ac2g,89126,ac2g,122891,,6939565759742.248,s
125589,ac2g,89151,ac2g,122891,e,6939565759831.351,f
7,ac2g,89152,ac2g,0,e,6939565759860.586,f
125589,ac2g,89152,ac2g,122891,,6939565759834.843,s
7,ac2g,89154,ac2g,0,e,6939565759878.442,f
125589,ac2g,89154,ac2g,122891,,6939565759847.183,s
7,ac2g,89171,ac2g,0,e,6939565760092.554,f
125589,ac2g,89171,ac2g,122891,,6939565759887.045,s
7,ac2g,89184,ac2g,0,e,6939565760109.258,f
125589,ac2g,89184,ac2g,122891,,6939565759928.699,s
7,ac2g,89217,ac2g,0,e,6939565760118.122,f
125589,ac2g,89217,ac2g,122891,,6939565760080.581,s
7,ac2g,89231,ac2g,0,e,6939565760345.482,f
125589,ac2g,89231,ac2g,122891,,6939565760130.881,s
7,ac2g,89256,ac2g,0,e,6939565760349.738,f
125589,ac2g,89256,ac2g,122891,,6939565760218.441,s
7,ac2g,89258,ac2g,0,e,6939565760367.466,f
125589,ac2g,89258,ac2g,122891,,6939565760229.811,s
7,ac2g,89275,ac2g,0,e,6939565760371.913,f
125589,ac2g,89275,ac2g,122891,,6939565760268.912,s
7,ac2g,89288,ac2g,0,e,6939565760386.826,f
125589,ac2g,89288,ac2g,122891,,6939565760307.759,s
7,ac2g,89311,ac2g,0,e,6939565761054.857,f
125589,ac2g,89311,ac2g,122891,,6939565760429.918,s
7,ac2g,89346,ac2g,0,e,6939565761057.8,f
125589,ac2g,89346,ac2g,122891,,6939565760547.153,s
7,ac2g,89348,ac2g,0,e,6939565761061.737,f
125589,ac2g,89348,ac2g,122891,,6939565760558.537,s
7,ac2g,89377,ac2g,0,e,6939565761066.92,f
125589,ac2g,89377,ac2g,122891,,6939565760668.832,s
125589,ac2g,89405,ac2g,122891,e,6939565760764.388,f
7,ac2g,89407,ac2g,0,e,6939565761069.256,f
125589,ac2g,89407,ac2g,122891,,6939565760767.593,s
7,ac2g,89408,ac2g,0,e,6939565761077.448,f
125589,ac2g,89408,ac2g,122891,,6939565760779.004,s
125589,ac2g,89428,ac2g,122891,e,6939565760823.076,f
7,ac2g,89430,ac2g,0,e,6939565761080.2,f
125589,ac2g,89430,ac2g,122891,,6939565760824.641,s
7,ac2g,89442,ac2g,0,e,6939565761087.112,f
125589,ac2g,89442,ac2g,122891,,6939565760864.857,s
125589,ac2g,89498,ac2g,122891,e,6939565761090.661,f
7,ac2g,89505,ac2g,0,e,6939565761906.247,f
125589,ac2g,89505,ac2g,122891,,6939565761112.566,s
7,ac2g,89519,ac2g,0,e,6939565761909.223,f
125589,ac2g,89519,ac2g,122891,,6939565761148.865,s
7,ac2g,89532,ac2g,0,e,6939565761913.575,f
125589,ac2g,89532,ac2g,122891,,6939565761192.68,s
125589,ac2g,89544,ac2g,122891,e,6939565761224.816,f
125589,ac2g,89545,ac2g,122891,e,6939565761227.522,f
7,ac2g,89546,ac2g,0,e,6939565761916.391,f
125589,ac2g,89546,ac2g,122891,,6939565761233.3,s
7,ac2g,89604,ac2g,0,e,6939565761953.991,f
125589,ac2g,89604,ac2g,122891,,6939565761518.718,s
7,ac2g,89611,ac2g,0,e,6939565761955.975,f
125589,ac2g,89611,ac2g,122891,,6939565761550.317,s
7,ac2g,89629,ac2g,0,e,6939565761958.087,f
125589,ac2g,89629,ac2g,122891,,6939565761635.455,s
7,ac2g,89636,ac2g,0,e,6939565761960.071,f
125589,ac2g,89636,ac2g,122891,,6939565761666.405,s
7,ac2g,89643,ac2g,0,e,6939565761962.215,f
125589,ac2g,89643,ac2g,122891,,6939565761699.785,s
7,ac2g,89663,ac2g,0,e,6939565761964.679,f
125589,ac2g,89663,ac2g,122891,,6939565761750.176,s
7,ac2g,89670,ac2g,0,e,6939565761966.663,f
125589,ac2g,89670,ac2g,122891,,6939565761775.231,s
7,ac2g,89677,ac2g,0,e,6939565761968.807,f
125589,ac2g,89677,ac2g,122891,,6939565761800.754,s
7,ac2g,89712,ac2g,0,e,6939565761971.303,f
125589,ac2g,89712,ac2g,122891,,6939565761937.253,s
7,ac2g,89738,ac2g,0,e,6939565762208.774,f
125589,ac2g,89738,ac2g,122891,,6939565762045.094,s
7,ac2g,89740,ac2g,0,e,6939565762223.59,f
125589,ac2g,89740,ac2g,122891,,6939565762057.057,s
7,ac2g,89757,ac2g,0,e,6939565762227.366,f
125589,ac2g,89757,ac2g,122891,,6939565762099.445,s
7,ac2g,89770,ac2g,0,e,6939565762240.295,f
125589,ac2g,89770,ac2g,122891,,6939565762145.584,s
7,ac2g,89793,ac2g,0,e,6939565762481.286,f
125589,ac2g,89793,ac2g,122891,,6939565762281.016,s
7,ac2g,89828,ac2g,0,e,6939565762484.166,f
125589,ac2g,89828,ac2g,122891,,6939565762357.433,s
7,ac2g,89830,ac2g,0,e,6939565762488.326,f
125589,ac2g,89830,ac2g,122891,,6939565762369.286,s
7,ac2g,89859,ac2g,0,e,6939565762803.973,f
125589,ac2g,89859,ac2g,122891,,6939565762481.56,s
125589,ac2g,89884,ac2g,122891,e,6939565762568.618,f
7,ac2g,89885,ac2g,0,e,6939565762806.757,f
125589,ac2g,89885,ac2g,122891,,6939565762572.272,s
7,ac2g,89887,ac2g,0,e,6939565762824.39,f
125589,ac2g,89887,ac2g,122891,,6939565762584.456,s
7,ac2g,89904,ac2g,0,e,6939565762828.07,f
125589,ac2g,89904,ac2g,122891,,6939565762625.234,s
7,ac2g,89917,ac2g,0,e,6939565762843.173,f
125589,ac2g,89917,ac2g,122891,,6939565762667.239,s
7,ac2g,89950,ac2g,0,e,6939565762851.909,f
125589,ac2g,89950,ac2g,122891,,6939565762815.201,s
7,ac2g,89964,ac2g,0,e,6939565763061.285,f
125589,ac2g,89964,ac2g,122891,,6939565762865.789,s
7,ac2g,89989,ac2g,0,e,6939565763065.541,f
125589,ac2g,89989,ac2g,122891,,6939565762951.94,s
7,ac2g,89991,ac2g,0,e,6939565763083.301,f
125589,ac2g,89991,ac2g,122891,,6939565762963.011,s
7,ac2g,90008,ac2g,0,e,6939565763087.717,f
125589,ac2g,90008,ac2g,122891,,6939565763001.298,s
7,ac2g,90021,ac2g,0,e,6939565763102.917,f
125589,ac2g,90021,ac2g,122891,,6939565763042.44,s
7,ac2g,90044,ac2g,0,e,6939565763348.325,f
125589,ac2g,90044,ac2g,122891,,6939565763175.07,s
7,ac2g,90079,ac2g,0,e,6939565763351.397,f
125589,ac2g,90079,ac2g,122891,,6939565763244.051,s
7,ac2g,90081,ac2g,0,e,6939565763355.365,f
125589,ac2g,90081,ac2g,122891,,6939565763257.496,s
7,ac2g,90110,ac2g,0,e,6939565763560.26,f
125589,ac2g,90110,ac2g,122891,,6939565763367.451,s
125589,ac2g,90138,ac2g,122891,e,6939565763458.898,f
7,ac2g,90140,ac2g,0,e,6939565763563.109,f
125589,ac2g,90140,ac2g,122891,,6939565763462.151,s
7,ac2g,90141,ac2g,0,e,6939565763571.076,f
125589,ac2g,90141,ac2g,122891,,6939565763473.742,s
125589,ac2g,90161,ac2g,122891,e,6939565763518.98,f
7,ac2g,90163,ac2g,0,e,6939565763573.924,f
125589,ac2g,90163,ac2g,122891,,6939565763520.662,s
7,ac2g,90175,ac2g,0,e,6939565763580.996,f
125589,ac2g,90175,ac2g,122891,,6939565763561.651,s
125589,ac2g,90231,ac2g,122891,e,6939565763789.148,f
7,ac2g,90238,ac2g,0,e,6939565765860.065,f
125589,ac2g,90238,ac2g,122891,,6939565763810.08,s
7,ac2g,90252,ac2g,0,e,6939565765863.136,f
125589,ac2g,90252,ac2g,122891,,6939565763846.687,s
7,ac2g,90265,ac2g,0,e,6939565765867.392,f
125589,ac2g,90265,ac2g,122891,,6939565763893.102,s
125589,ac2g,90277,ac2g,122891,e,6939565763922.339,f
125589,ac2g,90278,ac2g,122891,e,6939565763925.023,f
7,ac2g,90279,ac2g,0,e,6939565765870.176,f
125589,ac2g,90279,ac2g,122891,,6939565763930.821,s
7,ac2g,90337,ac2g,0,e,6939565765908.192,f
125589,ac2g,90337,ac2g,122891,,6939565764219.174,s
7,ac2g,90344,ac2g,0,e,6939565765910.176,f
125589,ac2g,90344,ac2g,122891,,6939565764249.818,s
7,ac2g,90362,ac2g,0,e,6939565765912.288,f
125589,ac2g,90362,ac2g,122891,,6939565764315.47,s
7,ac2g,90369,ac2g,0,e,6939565765914.272,f
125589,ac2g,90369,ac2g,122891,,6939565764342.842,s
7,ac2g,90376,ac2g,0,e,6939565765916.416,f
125589,ac2g,90376,ac2g,122891,,6939565764374.087,s
7,ac2g,90396,ac2g,0,e,6939565765918.912,f
125589,ac2g,90396,ac2g,122891,,6939565764422.149,s
7,ac2g,90403,ac2g,0,e,6939565765920.864,f
125589,ac2g,90403,ac2g,122891,,6939565764446.583,s
7,ac2g,90410,ac2g,0,e,6939565765923.008,f
125589,ac2g,90410,ac2g,122891,,6939565764473.009,s
7,ac2g,90445,ac2g,0,e,6939565765925.504,f
125589,ac2g,90445,ac2g,122891,,6939565764609.788,s
7,ac2g,90471,ac2g,0,e,6939565765928.641,f
125589,ac2g,90471,ac2g,122891,,6939565764760.785,s
7,ac2g,90473,ac2g,0,e,6939565765942.593,f
125589,ac2g,90473,ac2g,122891,,6939565764773.21,s
7,ac2g,90490,ac2g,0,e,6939565765946.177,f
125589,ac2g,90490,ac2g,122891,,6939565764816.052,s
7,ac2g,90503,ac2g,0,e,6939565765959.072,f
125589,ac2g,90503,ac2g,122891,,6939565764859.894,s
7,ac2g,90526,ac2g,0,e,6939565765967.456,f
125589,ac2g,90526,ac2g,122891,,6939565764996.366,s
7,ac2g,90561,ac2g,0,e,6939565765970.08,f
125589,ac2g,90561,ac2g,122891,,6939565765083.731,s
7,ac2g,90563,ac2g,0,e,6939565765973.664,f
125589,ac2g,90563,ac2g,122891,,6939565765095.634,s
7,ac2g,90592,ac2g,0,e,6939565765979.008,f
125589,ac2g,90592,ac2g,122891,,6939565765210.404,s
125589,ac2g,90617,ac2g,122891,e,6939565765300.789,f
7,ac2g,90618,ac2g,0,e,6939565765981.632,f
125589,ac2g,90618,ac2g,122891,,6939565765304.6,s
7,ac2g,90620,ac2g,0,e,6939565765998.177,f
125589,ac2g,90620,ac2g,122891,,6939565765316.73,s
7,ac2g,90637,ac2g,0,e,6939565766002.144,f
125589,ac2g,90637,ac2g,122891,,6939565765355.434,s
7,ac2g,90650,ac2g,0,e,6939565766017.28,f
125589,ac2g,90650,ac2g,122891,,6939565765396.608,s
7,ac2g,90683,ac2g,0,e,6939565766023.936,f
125589,ac2g,90683,ac2g,122891,,6939565765543.012,s
7,ac2g,90697,ac2g,0,e,6939565766027.2,f
125589,ac2g,90697,ac2g,122891,,6939565765602.813,s
7,ac2g,90722,ac2g,0,e,6939565766030.848,f
125589,ac2g,90722,ac2g,122891,,6939565765692.491,s
7,ac2g,90724,ac2g,0,e,6939565766046.784,f
125589,ac2g,90724,ac2g,122891,,6939565765704.69,s
7,ac2g,90741,ac2g,0,e,6939565766050.912,f
125589,ac2g,90741,ac2g,122891,,6939565765742.378,s
7,ac2g,90754,ac2g,0,e,6939565766066.496,f
125589,ac2g,90754,ac2g,122891,,6939565765780.319,s
7,ac2g,90777,ac2g,0,e,6939565766074.208,f
125589,ac2g,90777,ac2g,122891,,6939565765907.256,s
7,ac2g,90812,ac2g,0,e,6939565766076.832,f
125589,ac2g,90812,ac2g,122891,,6939565765978.955,s
7,ac2g,90814,ac2g,0,e,6939565766080.448,f
125589,ac2g,90814,ac2g,122891,,6939565765990.038,s
7,ac2g,90843,ac2g,0,e,6939565768433.053,f
125589,ac2g,90843,ac2g,122891,,6939565766100.502,s
125589,ac2g,90871,ac2g,122891,e,6939565766192.117,f
7,ac2g,90873,ac2g,0,e,6939565768435.996,f
125589,ac2g,90873,ac2g,122891,,6939565766195.241,s
7,ac2g,90874,ac2g,0,e,6939565768443.868,f
125589,ac2g,90874,ac2g,122891,,6939565766206.951,s
125589,ac2g,90894,ac2g,122891,e,6939565766249.97,f
7,ac2g,90896,ac2g,0,e,6939565768446.941,f
125589,ac2g,90896,ac2g,122891,,6939565766251.636,s
7,ac2g,90908,ac2g,0,e,6939565768453.724,f
125589,ac2g,90908,ac2g,122891,,6939565766291.562,s
125589,ac2g,90964,ac2g,122891,e,6939565766515.685,f
7,ac2g,90971,ac2g,0,e,6939565768462.62,f
125589,ac2g,90971,ac2g,122891,,6939565766536.707,s
7,ac2g,90985,ac2g,0,e,6939565768464.828,f
125589,ac2g,90985,ac2g,122891,,6939565766572.768,s
7,ac2g,90998,ac2g,0,e,6939565768469.116,f
125589,ac2g,90998,ac2g,122891,,6939565766622.673,s
125589,ac2g,91010,ac2g,122891,e,6939565766654.038,f
125589,ac2g,91011,ac2g,122891,e,6939565766656.877,f
7,ac2g,91012,ac2g,0,e,6939565768471.9,f
125589,ac2g,91012,ac2g,122891,,6939565766663.061,s
7,ac2g,91070,ac2g,0,e,6939565768509.692,f
125589,ac2g,91070,ac2g,122891,,6939565766948.139,s
7,ac2g,91077,ac2g,0,e,6939565768511.676,f
125589,ac2g,91077,ac2g,122891,,6939565766979.284,s
7,ac2g,91095,ac2g,0,e,6939565768513.82,f
125589,ac2g,91095,ac2g,122891,,6939565767042.357,s
7,ac2g,91102,ac2g,0,e,6939565768516.028,f
125589,ac2g,91102,ac2g,122891,,6939565767067.24,s
7,ac2g,91109,ac2g,0,e,6939565768518.108,f
125589,ac2g,91109,ac2g,122891,,6939565767099.18,s
7,ac2g,91129,ac2g,0,e,6939565768520.572,f
125589,ac2g,91129,ac2g,122891,,6939565767148.203,s
7,ac2g,91136,ac2g,0,e,6939565768522.524,f
125589,ac2g,91136,ac2g,122891,,6939565767172.49,s
7,ac2g,91143,ac2g,0,e,6939565768524.668,f
125589,ac2g,91143,ac2g,122891,,6939565767199.043,s
7,ac2g,91178,ac2g,0,e,6939565768527.196,f
125589,ac2g,91178,ac2g,122891,,6939565767333.096,s
7,ac2g,91204,ac2g,0,e,6939565768530.268,f
125589,ac2g,91204,ac2g,122891,,6939565767439.363,s
7,ac2g,91206,ac2g,0,e,6939565768543.356,f
125589,ac2g,91206,ac2g,122891,,6939565767451.819,s
7,ac2g,91223,ac2g,0,e,6939565768547.964,f
125589,ac2g,91223,ac2g,122891,,6939565767492.449,s
7,ac2g,91236,ac2g,0,e,6939565768559.996,f
125589,ac2g,91236,ac2g,122891,,6939565767534.777,s
7,ac2g,91259,ac2g,0,e,6939565768568.572,f
125589,ac2g,91259,ac2g,122891,,6939565767666.001,s
7,ac2g,91291,ac2g,0,e,6939565768571.004,f
125589,ac2g,91291,ac2g,122891,,6939565767783.961,s
7,ac2g,91298,ac2g,0,e,6939565768572.988,f
125589,ac2g,91298,ac2g,122891,,6939565767816.151,s
7,ac2g,91316,ac2g,0,e,6939565768575.772,f
125589,ac2g,91316,ac2g,122891,,6939565767875.524,s
7,ac2g,91323,ac2g,0,e,6939565768578.076,f
125589,ac2g,91323,ac2g,122891,,6939565767899.036,s
7,ac2g,91341,ac2g,0,e,6939565768580.188,f
125589,ac2g,91341,ac2g,122891,,6939565767954.689,s
7,ac2g,91348,ac2g,0,e,6939565768582.844,f
125589,ac2g,91348,ac2g,122891,,6939565767978.522,s
7,ac2g,91368,ac2g,0,e,6939565768585.628,f
125589,ac2g,91368,ac2g,122891,,6939565768056.478,s
7,ac2g,91375,ac2g,0,e,6939565768621.788,f
125589,ac2g,91375,ac2g,122891,,6939565768075.702,s
7,ac2g,91401,ac2g,0,e,6939565768627.324,f
125589,ac2g,91401,ac2g,122891,,6939565768177.854,s
7,ac2g,91408,ac2g,0,e,6939565768629.628,f
125589,ac2g,91408,ac2g,122891,,6939565768202.665,s
7,ac2g,91426,ac2g,0,e,6939565768632.092,f
125589,ac2g,91426,ac2g,122891,,6939565768254.931,s
7,ac2g,91433,ac2g,0,e,6939565768634.748,f
125589,ac2g,91433,ac2g,122891,,6939565768278.379,s
7,ac2g,91451,ac2g,0,e,6939565768636.892,f
125589,ac2g,91451,ac2g,122891,,6939565768333.207,s
7,ac2g,91458,ac2g,0,e,6939565768639.196,f
125589,ac2g,91458,ac2g,122891,,6939565768356.491,s
7,ac2g,91465,ac2g,0,e,6939565768641.98,f
125589,ac2g,91465,ac2g,122891,,6939565768385.424,s
7,ac2g,91491,ac2g,0,e,6939565768646.94,f
125589,ac2g,91491,ac2g,122891,,6939565768463.917,s
7,ac2g,91498,ac2g,0,e,6939565768683.644,f
125589,ac2g,91498,ac2g,122891,,6939565768480.594,s
7,ac2g,91510,ac2g,0,e,6939565773132.661,f
122891,ac2g,91510,ac2g,122891,,6939565772204.323,s
7,ac2g,91513,ac2g,0,e,6939565773565.204,f
122891,ac2g,91513,ac2g,122891,,6939565772284.191,s
7,ac2g,91516,ac2g,0,e,6939565773891.635,f
122891,ac2g,91516,ac2g,122891,,6939565772312.157,s
7,ac2g,91519,ac2g,0,e,6939565774243.315,f
122891,ac2g,91519,ac2g,122891,,6939565772333.678,s
122891,ac2g,91525,ac2g,122891,,6939565774019.32,s
